date,total_vaccinations,active_cases,zoom_stock,fb_stock,uber_stock,moderna_stock
2020-12-01,1.0,13664335.0,418.3549955,284.13,50.239999999999995,154.41500091552751
2020-12-02,1.0,13685622.0,409.5599975,286.3025,50.989999999999995,138.950004577637
2020-12-03,1.0,13797882.0,412.095001,283.86,52.805000500000006,151.05999755859398
2020-12-04,2.0,13932984.0,413.533005,281.38,53.785,153.16500091552751
2020-12-07,2.0,14081817.0,411.12699899999996,283.345,54.260000500000004,158.47499847412098
2020-12-08,2.0,14106828.0,413.125,283.9886,53.2849995,167.404998779297
2020-12-09,3.0,14139990.0,395.744995,279.69,54.540000500000005,159.0
2020-12-10,3.0,14248606.0,389.6349945,275.295,52.959998999999996,153.754997253418
2020-12-11,3.0,14341668.0,390.97650150000004,273.365,53.677502000000004,159.819999694824
2020-12-14,86473.0,14536611.0,386.7149965,274.39,52.3400005,158.16100311279303
2020-12-15,1615692.0,14568362.0,402.699997,271.775,51.8475,149.870002746582
2020-12-16,1617994.0,14643238.0,400.0090025,275.185,50.9850005,137.82199859619152
2020-12-17,1622181.0,14803072.0,404.2949985,277.025,50.7349985,142.1350021362305
2020-12-18,1626167.0,15004447.0,403.1799925,274.57,50.2350005,140.029998779297
2020-12-21,2871161.0,15178932.0,416.169495,271.23,50.5699995,142.5249938964845
2020-12-22,2945045.0,15203101.0,405.0,268.065,53.1399995,132.19999694824202
2020-12-23,3449701.0,15288058.0,390.5899965,269.19995,53.540001000000004,123.5
2020-12-24,3548156.0,15412018.0,379.9400025,268.29999999999995,52.9575005,126.20999908447249
2020-12-28,5441178.0,15381811.0,361.149994,271.48,52.345000999999996,116.965000152588
2020-12-29,5711381.0,15407029.0,355.018509,278.395,52.2300015,111.56499862670901
2020-12-30,6702398.0,15509679.0,352.050003,274.895,53.0349995,113.870502471924
2020-12-31,10015237.0,15716573.0,343.9649965,273.45,52.1399995,108.1050033569335
2021-01-04,13928420.0,15955589.0,351.145004,270.1,50.977498999999995,108.44499969482402
2021-01-05,15496201.0,16107290.0,357.005005,270.30555,52.4749985,111.090000152588
2021-01-06,16509263.0,16299103.0,347.4300075,263.88,53.035,113.6049995422365
2021-01-07,17744505.0,16582480.0,348.0400085,268.195,54.7250005,117.47499847412101
2021-01-08,19153342.0,16931898.0,345.16999799999996,266.065,53.6850015,114.59999847412149
2021-01-11,28798515.0,17418172.0,343.40499850000003,259.685,53.995001,116.93000030517598
2021-01-12,30043492.0,17500650.0,345.0,255.01000000000002,57.194999499999994,121.01500320434549
2021-01-13,33514038.0,17691580.0,366.44050599999997,251.575,58.705,124.15999984741248
2021-01-14,35976352.0,17833158.0,377.725006,249.82,58.364999999999995,126.8899993896485
2021-01-15,38713734.0,17998942.0,393.2550045,250.51,56.450001,129.934997558594
2021-01-19,47288625.0,18082946.0,391.13999950000004,257.46005,55.9209995,123.43000030517601
2021-01-20,54821410.0,18095860.0,388.9244995,266.96000000000004,56.7250005,124.130001068115
2021-01-21,57806376.0,18183591.0,379.619995,270.54505,56.1569995,131.125
2021-01-22,61492493.0,18309509.0,380.835007,275.235,54.739999499999996,132.384994506836
2021-01-25,69673619.0,18275319.0,388.5349885,275.805,52.085001000000005,142.3399963378905
2021-01-26,72253120.0,18182585.0,384.0100095,281.6,53.5249995,149.77500152587902
2021-01-27,83346096.0,18203740.0,373.50999450000006,275.78504999999996,49.005001500000006,156.77500152587902
2021-01-28,87634564.0,18168957.0,373.58699,275.745,51.2000005,160.80999755859352
2021-01-29,91840479.0,18206591.0,372.26499950000004,260.705,50.5625,176.08999633789048
2021-02-01,102830706.0,17918140.0,375.45500200000004,259.54,52.125,164.40000152587902
2021-02-02,105448824.0,17766902.0,386.785004,266.06,56.459998999999996,153.077003479004
2021-02-03,116340329.0,17636025.0,387.3950045,266.52,57.4350015,162.394996643066
2021-02-04,121019944.0,17562900.0,383.4349975,266.08000000000004,56.979999500000005,168.98999786376947
2021-02-05,125319606.0,17533206.0,403.9299925,267.42,58.0389995,173.879997253418
2021-02-08,136390096.0,17090376.0,414.25,267.43,59.400000000000006,183.03499603271501
2021-02-09,149164822.0,16903094.0,422.4915005,269.57,59.84,182.13500213623053
2021-02-10,154038142.0,16700256.0,428.6820065,270.75995,62.1499995,180.79499816894548
2021-02-11,158933275.0,16596650.0,436.630005,271.03499999999997,62.22250150000001,180.20999908447249
2021-02-12,164569450.0,16498608.0,429.0650025,269.76,60.1224995,181.29000091552751
2021-02-16,182306972.0,15870776.0,444.23500049999996,273.32500000000005,60.5750005,178.844497680664
2021-02-17,187199802.0,15724282.0,429.725006,271.775,59.950001,174.814994812012
2021-02-18,193402805.0,15602567.0,421.4400025,268.99,59.260000500000004,171.7350006103515
2021-02-19,198919618.0,15524506.0,420.244995,265.21,59.285,174.91500091552751
2021-02-22,210563293.0,15150236.0,401.1600035,260.29999999999995,56.458,164.4650039672855
2021-02-23,215089505.0,15003428.0,370.899994,261.21,54.129999,144.5
2021-02-24,220589897.0,14923510.0,382.1474915,262.385,54.405001,147.2350006103515
2021-02-25,226735916.0,14874310.0,374.3325045,260.49,52.729999500000005,153.41999816894548
2021-02-26,233123686.0,14845315.0,366.632492,261.01,51.680000500000006,155.2400054931645
2021-03-01,259891310.0,14543313.0,401.605011,262.27695,54.0299985,151.5149993896485
2021-03-02,270376971.0,14440933.0,405.9100035,262.67999999999995,54.904499,150.455497741699
2021-03-03,277567161.0,14437464.0,361.125,258.04495,56.2250005,139.1600036621095
2021-03-04,286021924.0,14380779.0,345.649994,259.995,54.385000500000004,131.0800018310545
2021-03-05,294213186.0,14381134.0,331.0650025,260.53,53.320001500000004,127.69500350952148
2021-03-08,313766299.0,14188967.0,324.175003,260.315,54.67,128.015003204346
2021-03-09,320693208.0,14122721.0,332.18798849999996,264.16999999999996,55.4350015,128.9500007629395
2021-03-10,329417334.0,14138429.0,344.350006,265.92,57.585001000000005,132.2539978027345
2021-03-11,337640188.0,14154503.0,348.098999,272.86,58.8500005,136.16500091552751
2021-03-12,347351156.0,14198751.0,344.4349975,266.88,59.104999500000005,135.9710006713865
2021-03-15,383692069.0,14159040.0,347.529999,272.23,59.824999,139.430000305176
2021-03-16,391940895.0,14146134.0,344.589996,278.47,59.7000005,151.79499816894548
2021-03-17,402293870.0,14216535.0,331.6000065,280.82000000000005,56.555000500000006,147.6664962768555
2021-03-18,412072386.0,14256275.0,323.16499350000004,281.73495,56.3449995,144.235000610352
2021-03-19,424335350.0,14366793.0,320.8034975,286.9975,55.760000000000005,141.854995727539
2021-03-22,465650147.0,14436069.0,330.4500125,293.22754999999995,56.540001000000004,144.8850021362305
2021-03-23,478410492.0,14390761.0,338.375992,293.905,54.370001,141.2850036621095
2021-03-24,492265454.0,14428972.0,327.16999799999996,286.44000000000005,53.75,134.375
2021-03-25,508425680.0,14538832.0,314.47000149999997,282.905,53.039998999999995,130.3649978637695
2021-03-26,526802366.0,14702279.0,313.375,281.135,54.385000000000005,131.8100051879885
2021-03-29,567749848.0,14912416.0,314.375,288.94,53.8249985,126.6000022888185
2021-03-30,580690550.0,14933075.0,308.600006,289.58500000000004,53.379999,120.4695014953615
2021-03-31,599618058.0,15044350.0,318.4349975,292.555,54.380001,125.564002990723
2021-04-01,619668110.0,15211807.0,332.20500200000004,299.5,56.220000999999996,133.488494873047
2021-04-05,680644801.0,15495266.0,320.800003,305.72249999999997,57.5299985,130.11649703979498
2021-04-06,696464824.0,15528596.0,327.160004,308.3,58.075001,133.2044982910155
2021-04-07,714344891.0,15628629.0,326.33500649999996,309.875,57.040001000000004,132.685005187988
2021-04-08,737370480.0,15801759.0,329.994995,312.96500000000003,57.24,133.979995727539
2021-04-09,758242858.0,16015474.0,324.62001,312.53499999999997,57.1400015,138.66999816894548
2021-04-12,807681556.0,16266801.0,318.7850035,310.03999999999996,59.760000000000005,139.92500305175798
2021-04-13,826744152.0,16359129.0,334.60400400000003,311.874,59.7699985,148.730003356934
2021-04-14,844782549.0,16529496.0,336.824997,304.99,60.34,156.70500183105452
2021-04-15,862952637.0,16719873.0,332.940002,307.12,60.3199995,159.404998779297
2021-04-16,880112508.0,16907369.0,330.3099975,306.78,60.1949995,165.065002441406
2021-04-19,922743102.0,17100104.0,329.14750649999996,304.13,58.8700005,163.898002624512
2021-04-20,935088272.0,17159232.0,321.9549865,301.155,56.681999000000005,158.0
2021-04-21,953247340.0,17271321.0,318.3049925,299.685,55.405001,163.900001525879
2021-04-22,975246500.0,17427505.0,330.3574985,299.48,56.2045005,171.80999755859398
2021-04-23,993912725.0,17591820.0,333.394989,299.87,57.17,171.930000305176
2021-04-26,1042741793.0,17618800.0,333.6049955,303.68,57.8450015,174.2400054931645
2021-04-27,1062119984.0,17619873.0,336.285004,303.225,57.7250005,181.854995727539
2021-04-28,1086922775.0,17673365.0,330.373001,308.145,57.56999999999999,179.504997253418
2021-04-29,1111171458.0,17754912.0,325.6950075,326.71000000000004,56.165001000000004,180.77999877929702
2021-04-30,1136392691.0,17787470.0,321.759491,327.15999999999997,54.880001500000006,179.26000213623053
2021-05-03,1177044208.0,17551590.0,316.32749950000004,325.195,55.4850005,185.60500335693348
2021-05-04,1195634737.0,17456199.0,305.1349945,317.655,53.364999499999996,180.06000518798848
2021-05-05,1214969243.0,17459694.0,302.7400055,317.775,52.3500005,168.754997253418
2021-05-06,1238662539.0,17471600.0,290.40499850000003,316.7575,47.765001,153.5149993896485
2021-05-07,1265286039.0,17519103.0,298.703491,320.8425,47.567499,164.917999267578
2021-05-10,1322861473.0,17143980.0,289.9900055,309.7043,46.724998,160.2350006103515
2021-05-11,1347528836.0,17020747.0,287.600006,303.265,45.486000000000004,156.02500152587902
2021-05-12,1373730813.0,16915592.0,289.46749900000003,301.575,44.637499,155.0299987792965
2021-05-13,1400566066.0,16837346.0,286.2049865,305.81505000000004,44.8299995,151.235000610352
2021-05-14,1426815659.0,16731672.0,300.66499350000004,312.96500000000003,46.2799985,156.4300003051755
2021-05-17,1500258604.0,16046492.0,306.9199985,313.63,47.2249985,160.04699707031298
2021-05-18,1527705157.0,15792068.0,313.61000049999996,313.155,49.4075015,161.82499694824202
2021-05-19,1555148788.0,15651467.0,305.255005,309.115,48.6000005,157.29000091552751
2021-05-20,1589421941.0,15513290.0,319.49000550000005,316.20500000000004,49.3549995,162.849998474121
2021-05-21,1619468322.0,15387835.0,322.7555085,317.87005,49.3549995,165.3150024414065
2021-05-24,1698549825.0,14772995.0,320.26499950000004,321.99,49.625,163.904998779297
2021-05-25,1738178413.0,14560983.0,320.7949985,326.99,51.0149995,168.42000579834001
2021-05-26,1774033218.0,14399535.0,326.3499905,327.82495,50.5599995,172.064994812012
2021-05-27,1807058641.0,14264673.0,324.274994,330.27,50.205,176.81500244140648
2021-05-28,1840668717.0,14123134.0,332.979996,330.5992,51.1050015,182.5
2021-06-01,1977165836.0,13302180.0,328.9200135,329.03,50.75,182.039505004883
2021-06-02,2016658584.0,13130240.0,328.0,329.49575000000004,50.9799995,188.8899993896485
2021-06-03,2052081080.0,13026279.0,322.03999350000004,325.4275,49.5149995,194.3164978027345
2021-06-04,2091112312.0,12931565.0,329.37998949999997,328.8175,49.6450005,202.3550033569335
2021-06-07,2179980050.0,12335839.0,338.0264895,333.31,50.4850005,217.065002441406
2021-06-08,2213633444.0,12138955.0,344.6849975,335.26995,50.030001,212.4225006103515
2021-06-09,2253057791.0,12013138.0,335.2850035,333.4,49.6399995,216.75499725341803
2021-06-10,2291836574.0,11940086.0,338.9400025,331.2425,49.1599995,214.790000915527
2021-06-11,2328081541.0,11895354.0,356.52999850000003,330.88,49.947500500000004,215.349998474121
2021-06-14,2415194638.0,11480816.0,364.4879915,333.315,50.5250015,205.74500274658197
2021-06-15,2454743597.0,11376062.0,360.774002,337.475,49.522501000000005,203.525001525879
2021-06-16,2496143289.0,11299172.0,361.1199955,333.135,48.9750005,198.590995788574
2021-06-17,2542763596.0,11279764.0,366.362488,334.065,49.0725,200.82099914550753
2021-06-18,2585741717.0,11249716.0,375.410004,332.575,49.582500499999995,199.6749954223635
2021-06-21,2699727303.0,11025473.0,367.957001,330.28499999999997,48.880001500000006,205.51999664306652
2021-06-22,2743492033.0,10969778.0,372.75,336.26,48.545,216.3274993896485
2021-06-23,2786798209.0,10989921.0,378.3499905,340.80994999999996,49.889999,215.0600051879885
2021-06-24,2834567959.0,11054758.0,377.4100035,343.345,50.885000000000005,217.47500610351548
2021-06-25,2878132902.0,11111685.0,369.079987,341.9,51.1800005,221.4199981689455
2021-06-28,2995313660.0,11095286.0,383.91499350000004,349.955,51.36250150000001,220.3455047607425
2021-06-29,3037292173.0,11051850.0,389.1049955,352.895,50.7700005,228.8649978637695
2021-06-30,3074152093.0,11068311.0,390.48600799999997,350.045,50.42,239.0550003051755
2021-07-01,3121663893.0,11126975.0,386.0549925,350.58495,50.809999000000005,232.190002441406
2021-07-02,3155003050.0,11195655.0,392.63499449999995,354.53,51.1075,234.519996643066
2021-07-06,3277482856.0,11233084.0,397.5149995,353.985,51.2150005,230.0149993896485
2021-07-07,3311030448.0,11309693.0,399.8899995,353.245,49.785,226.3400039672855
2021-07-08,3349974934.0,11415598.0,384.0,345.445,47.3899995,223.740005493164
2021-07-09,3376738488.0,11535004.0,382.6609955,347.98749999999995,48.4799995,229.04000091552751
2021-07-12,3456682369.0,11632894.0,384.574997,351.91499999999996,48.690000500000004,235.7945022583005
2021-07-13,3490354247.0,11722788.0,379.95500200000004,353.645,48.17,236.81050109863298
2021-07-14,3527397045.0,11894232.0,370.880005,350.96500000000003,47.85000050000001,243.569999694824
2021-07-15,3563267444.0,12091812.0,361.96299750000003,344.7274,46.8050005,253.36250305175753
2021-07-16,3595542573.0,12293997.0,359.91999799999996,343.06494999999995,46.549999,280.190002441406
2021-07-19,3677202596.0,12629386.0,350.6600035,337.165,45.091001500000004,300.510009765625
2021-07-20,3710118846.0,12758062.0,353.1599885,338.975,45.864999999999995,317.2550048828125
2021-07-21,3742101926.0,12905994.0,352.066498,343.885,47.1449985,309.7499999999995
2021-07-22,3781803921.0,13071769.0,361.65499850000003,348.375,47.705,322.945007324219
2021-07-23,3818683852.0,13228508.0,356.75,366.26,47.234999,337.31001281738247
2021-07-26,3917099848.0,13624707.0,369.16499350000004,371.33000000000004,46.9849985,345.57499694824196
2021-07-27,3957869888.0,13757308.0,367.7845,368.85,45.71249949999999,331.5895080566405
2021-07-28,3999207355.0,13964213.0,369.1875,372.23995,46.386500999999996,339.2449951171875
2021-07-29,4045373978.0,14200089.0,385.9474945,361.13,44.6049995,343.61000061035145
2021-07-30,4086052819.0,14436386.0,384.76499950000004,356.83500000000004,44.035,351.0899963378905
2021-08-02,4194418839.0,,373.21000649999996,355.07,43.867500500000006,354.4000091552735
2021-08-03,4250057170.0,,378.60449200000005,350.73495,42.6499995,365.74000549316395
2021-08-04,4294245034.0,,389.75,355.995,42.0949995,405.054992675781
2021-08-05,4332794625.0,,398.0839995,360.4,42.400002,423.4949951171875
2021-08-06,4370289236.0,,387.850006,363.2725,44.2925015,406.4349975585935
2021-08-09,4473978295.0,,381.850006,363.2625,43.739999499999996,451.70849609375
2021-08-10,4512399263.0,,382.179993,361.57175,43.745001,475.7449951171875
2021-08-11,4549870194.0,,364.362503,360.08500000000004,42.75,412.86500549316395
2021-08-12,4581137800.0,,359.5849915,360.055,42.572500000000005,391.7200012207035
2021-08-13,4620320148.0,,358.4900055,363.07035,42.614999999999995,396.71000671386753
2021-08-16,4721794212.0,,348.7850035,362.16499999999996,41.325001,364.2850036621095
2021-08-17,4760689741.0,,345.3779905,359.87,41.030001,380.519989013672
2021-08-18,4797337142.0,,343.00999449999995,357.505,41.164998999999995,399.75498962402344
2021-08-19,4832001883.0,,334.720001,354.28499999999997,40.054998,384.96000671386696
2021-08-20,4869306711.0,,338.90499850000003,356.6499,39.660002000000006,378.375
2021-08-23,4961312541.0,,339.6399995,362.395,39.960001000000005,398.87100219726545
2021-08-24,5004907798.0,,342.0449985,364.89795,40.59,397.56999206543003
2021-08-25,5048068598.0,,340.42048650000004,368.13,41.075001,400.88499450683594
2021-08-26,5092594818.0,,349.0899965,366.78499999999997,41.24,398.41151428222645
2021-08-27,5142165771.0,,341.2149965,368.90999999999997,40.9050005,388.85000610351545
2021-08-30,5251962149.0,,343.974991,376.005,39.92500150000001,375.91999816894554
2021-08-31,5289531580.0,,292.0849915,380.7795,39.700001,377.5899963378905
2021-09-01,5337221608.0,,294.724991,381.57,40.7675,385.09001159667946
2021-09-02,5369447923.0,,293.550003,377.905,41.1985,396.65750122070347
2021-09-03,5395880792.0,,296.917496,375.135,40.9025005,402.7449951171875
2021-09-07,5514080055.0,,297.8899995,378.05499999999995,40.695001500000004,423.75498962402344
2021-09-08,5547966400.0,,295.244995,377.83000000000004,40.585001000000005,427.68501281738247
2021-09-09,5584749199.0,,294.350006,378.1975,40.3950005,443.2550048828125
2021-09-10,5616143321.0,,301.536499,381.025,40.347502000000006,456.4799957275395
2021-09-13,5707798789.0,,295.04750049999996,378.04755,40.2249985,431.904998779297
2021-09-14,5734926589.0,,286.40000899999995,376.85,39.3249985,431.196502685547
2021-09-15,5761216853.0,,280.04499799999996,372.6125,38.540001000000004,429.97999572753895
2021-09-16,5793346348.0,,276.3950045,371.635,38.879999,437.820007324219
2021-09-17,5812592711.0,,283.07499700000005,366.5,39.7574995,424.434997558594
2021-09-20,5900162841.0,,280.95500200000004,355.41499999999996,39.4750005,425.980499267578
2021-09-21,5923724176.0,,278.1175075,357.615,43.59,429.94499206543003
2021-09-22,5947994832.0,,277.3200075,345.26505,45.615,436.165008544922
2021-09-23,5933277560.0,,277.9045105,346.33500000000004,45.2749995,448.64500427246105
2021-09-24,5958148883.0,,271.545502,348.36,46.167998999999995,440.109985351563
2021-09-27,5987878082.0,,270.6749875,351.115,46.8099995,420.6275024414065
2021-09-28,5863401267.0,,265.207489,344.26,46.379999,389.662841796875
2021-09-29,5738538672.0,,261.869995,342.055,45.414998999999995,
2021-09-30,5146166344.0,,260.064499,340.475,44.61250150000001,
2020-01-22,,554.0,76.283001,222.015,37.429998499999996,22.4500007629395
2020-01-23,,771.0,75.09,220.3775,37.3374995,22.024999618530302
2020-01-24,,1208.0,74.279999,218.945,36.9575005,21.389499664306648
2020-01-27,,4349.0,71.226002,214.28,35.4200005,22.1200008392334
2020-01-28,,5739.0,71.3700025,216.13,36.6850015,22.67500019073485
2020-01-29,,7417.0,72.67649800000001,221.325,37.182499,21.3950004577637
2020-01-30,,9308.0,73.675003,208.09,36.541000499999996,21.26999950408935
2020-01-31,,11289.0,74.9850005,204.875,36.365,20.68499946594235
2020-02-03,,19383.0,83.225002,203.82,37.084998999999996,20.38000011444095
2020-02-04,,22942.0,88.4000015,207.90125,38.125,20.3149995803833
2020-02-05,,26302.0,87.362499,210.72,37.852501000000004,20.4350004196167
2020-02-06,,28985.0,87.350002,210.264,37.059999499999996,20.01000022888185
2020-02-07,,31774.0,88.70499799999999,211.375,39.930000500000006,21.590000152587848
2020-02-10,,37626.0,88.4450035,212.23000000000002,40.6499995,23.16650009155275
2020-02-11,,38791.0,89.215,208.6851,40.7574995,22.01000022888185
2020-02-12,,51591.0,88.0099985,209.31,41.462500000000006,19.08500003814695
2020-02-13,,55748.0,89.465,211.75295,40.7749995,19.34499931335445
2020-02-14,,56873.0,90.7599985,213.79000000000002,39.505001,19.0700006484985
2020-02-18,,58811.0,95.27000050000001,215.6875,39.8600005,18.96000003814695
2020-02-19,,57353.0,102.415001,217.215,40.672501,18.982500076293952
2020-02-20,,56086.0,106.09,215.855,40.5199985,18.7950000762939
2020-02-21,,54661.0,101.1899985,211.53375,40.469999,18.2299995422363
2020-02-24,,50331.0,103.5099985,200.91,38.444999499999994,18.789999961853
2020-02-25,,48556.0,108.133003,199.72685,37.325001,23.52999973297115
2020-02-26,,46891.0,108.4500005,198.35000000000002,35.0275,28.5299997329712
2020-02-27,,44561.0,112.799999,192.69,32.415,29.524999618530252
2020-02-28,,43413.0,109.6500015,187.28,32.6450005,23.98250007629395
2020-03-02,,42066.0,108.5,192.70999999999998,32.910001,27.97999954223635
2020-03-03,,42447.0,115.654999,190.60500000000002,33.04,27.600000381469698
2020-03-04,,43062.0,116.54000099999999,189.11,33.8099995,27.7599992752075
2020-03-05,,45140.0,119.915001,186.44004999999999,32.7699995,27.7425003051758
2020-03-06,,48106.0,114.5,180.01999999999998,31.4300005,28.7349996566772
2020-03-09,,59867.0,108.6899985,170.095,29.235,27.079999923706048
2020-03-10,,65768.0,109.4000015,173.89499999999998,28.4300005,23.610000610351552
2020-03-11,,74933.0,110.494999,171.76999999999998,26.875,24.136500358581547
2020-03-12,,86471.0,109.13050050000001,160.47,23.400001000000003,23.090000152587898
2020-03-13,,100617.0,108.98000350000001,164.195,22.969998999999998,21.38999938964845
2020-03-16,,148472.0,111.535,151.115,20.295,25.0099992752075
2020-03-17,,167593.0,107.915001,146.97,19.159999499999998,30.007500648498553
2020-03-18,,190908.0,113.924999,142.6403,15.7549995,29.545000076293903
2020-03-19,,218848.0,125.664997,152.3647,18.48,30.08500003814695
2020-03-20,,252518.0,129.989998,153.635,22.25,28.215000152587898
2020-03-23,,351043.0,151.095001,147.28,21.23,28.0299997329712
2020-03-24,,387153.0,144.4400025,156.94,25.215,25.805000305175803
2020-03-25,,427900.0,142.5999985,158.025,26.88,26.3850002288818
2020-03-26,,476052.0,142.4249955,160.51005,27.110001000000004,28.17500019073485
2020-03-27,,529026.0,150.28500350000002,157.42000000000002,26.550000500000003,29.5200004577637
2020-03-30,,674599.0,154.4449995,162.405,26.849998999999997,29.98000049591065
2020-03-31,,731273.0,146.57349399999998,167.565,27.585,30.090000152587898
2020-04-01,,785793.0,139.8899995,161.0925,25.7884995,30.190000534057603
2020-04-02,,836885.0,123.994499,158.63545,24.1000005,31.61499977111815
2020-04-03,,894351.0,124.29499849999999,154.37,22.730000500000003,34.1900005340576
2020-04-06,,1044210.0,116.852501,162.355,25.009999999999998,34.25750160217285
2020-04-07,,1088268.0,114.00550050000001,169.7,26.8050005,32.5049991607666
2020-04-08,,1133359.0,119.188999,171.37,26.834000500000002,32.3449993133545
2020-04-09,,1183231.0,119.75,174.325,27.674999,32.11999893188475
2020-04-13,,1370506.0,131.2319985,172.225,27.2749995,32.3449993133545
2020-04-14,,1398566.0,142.104996,178.9225,27.8915,34.07000160217285
2020-04-15,,1434440.0,146.28500350000002,175.505,27.115001,36.08500099182125
2020-04-16,,1469604.0,150.5250015,175.28,27.254998999999998,39.0849990844727
2020-04-17,,1515208.0,148.9095,178.47,28.0250005,46.1900005340576
2020-04-20,,1629205.0,151.626999,178.635,27.83,49.72999954223636
2020-04-21,,1657919.0,146.5550005,171.8604,27.375,49.7450008392334
2020-04-22,,1695233.0,148.6900025,181.45999999999998,28.034999499999998,50.440000534057596
2020-04-23,,1732148.0,161.6200025,185.10000000000002,28.7454995,48.79500007629395
2020-04-24,,1748376.0,169.9000015,185.6175,28.8649995,48.8209991455078
2020-04-27,,1830150.0,161.425003,190.57999999999998,29.9504995,49.50000000000006
2020-04-28,,1858583.0,160.625,185.88,30.595000499999998,48.8099994659424
2020-04-29,,1887004.0,147.1900025,193.45499999999998,31.165,45.97999954223636
2020-04-30,,1922019.0,138.739998,205.63004999999998,30.3999995,47.09499931335449
2020-05-01,,1960925.0,137.1500015,203.16505,29.0225,48.370000839233455
2020-05-04,,2062085.0,142.71499649999998,202.3331,27.325,49.25
2020-05-05,,2085208.0,144.6500015,208.44,28.1745005,49.094999313354506
2020-05-06,,2111993.0,147.4150005,209.13,27.434998999999998,48.38500022888185
2020-05-07,,2151943.0,158.0199965,210.32,30.615,53.52500152587889
2020-05-08,,2190101.0,156.932503,212.03,32.469999,56.015001296997056
2020-05-11,,2251128.0,163.0,212.685,31.897498999999996,63.40499877929685
2020-05-12,,2264130.0,164.1399995,212.6375,32.4300005,65.2549991607666
2020-05-13,,2277285.0,165.33499899999998,206.445,31.9450005,63.630001068115206
2020-05-14,,2314722.0,166.845001,203.81,32.1400005,63.4149990081787
2020-05-15,,2345568.0,171.0,207.73000000000002,32.239999499999996,65.33999824523926
2020-05-18,,2426707.0,168.041,212.79225,34.495001,81.3300018310547
2020-05-19,,2458794.0,170.03500400000001,216.66000000000003,33.430000500000006,75.03499984741211
2020-05-20,,2487562.0,173.08499899999998,227.265,34.295,70.94500350952148
2020-05-21,,2518612.0,173.080002,234.2,34.239999499999996,69.23500061035156
2020-05-22,,2495967.0,173.044998,232.365,34.25,68.86999893188474
2020-05-26,,2559647.0,166.40499849999998,236.285,35.25,61.81999778747561
2020-05-27,,2582569.0,155.6900025,225.84735,34.049999,49.73500061035155
2020-05-28,,2597051.0,164.2999955,227.8166,34.459998999999996,56.22999954223635
2020-05-29,,2637927.0,173.925003,225.185,35.2250005,59.10500144958495
2020-06-01,,2665438.0,194.4349975,227.97,35.77499949999999,62.204999923706055
2020-06-02,,2657980.0,205.00500449999998,229.78,35.839997999999994,57.652500152587905
2020-06-03,,2609397.0,213.390007,230.59,36.7539995,60.234998703002944
2020-06-04,,2643211.0,215.300003,228.12,36.789998999999995,60.225000381469755
2020-06-05,,2681294.0,202.520004,228.33024999999998,37.8514995,57.90999984741211
2020-06-08,,2793021.0,205.050003,229.48000000000002,36.995001,58.05000114440915
2020-06-09,,2837832.0,206.7599945,235.09,36.790001000000004,58.5674991607666
2020-06-10,,2828211.0,214.89499700000002,238.245,35.532499,59.6599998474121
2020-06-11,,2845850.0,225.25,228.22,32.067499,62.7284984588623
2020-06-12,,2888278.0,224.09999850000003,228.07999999999998,31.890001500000004,61.960000991821246
2020-06-15,,2959879.0,232.98500049999998,229.28500000000003,31.85,65.2020015716553
2020-06-16,,2986401.0,237.66049950000001,235.73000000000002,33.299999,64.59999847412111
2020-06-17,,3005937.0,239.5,234.6584,33.30300150000001,64.22999954223636
2020-06-18,,3037313.0,240.41500099999996,234.14499999999998,33.119999,63.9900016784668
2020-06-19,,3093431.0,241.137001,238.19,33.145,65.22999954223636
2020-06-22,,3186908.0,251.0949935,238.805,32.139999,64.2049999237061
2020-06-23,,3219787.0,251.17250049999998,242.52265,32.8999995,63.91000175476075
2020-06-24,,3248825.0,253.675003,237.95,31.6925,64.64799880981445
2020-06-25,,3332565.0,256.4750065,235.02,30.207499499999997,62.7549991607666
2020-06-26,,3383413.0,255.989998,224.245,29.825000000000003,60.71500015258785
2020-06-29,,3559927.0,249.744995,213.93,29.0699995,61.20000076293945
2020-06-30,,3604385.0,252.5899965,222.985,30.6899995,63.4794979095459
2020-07-01,,3668071.0,254.1050035,233.28,30.7135,61.42499923706055
2020-07-02,,3672977.0,260.899994,236.305,31.04,58.805000305175746
2020-07-06,,3938295.0,267.199997,236.335,32.4800005,58.9149990081787
2020-07-07,,3935496.0,262.275009,243.235,32.974999999999994,59.469999313354506
2020-07-08,,3969264.0,264.90901199999996,241.79000000000002,33.3250005,60.954999923706104
2020-07-09,,4031820.0,268.46000649999996,242.8825,33.359998499999996,62.11499977111816
2020-07-10,,4114712.0,273.4000095,242.405,33.1000005,63.625
2020-07-13,,4336081.0,268.6690065,244.285,32.629999,70.77499961853025
2020-07-14,,4403995.0,252.889992,236.18,30.9299995,73.7845001220703
2020-07-15,,4441750.0,252.8099975,241.435,32.3250005,83.19000244140625
2020-07-16,,4440819.0,248.2149965,239.0453,32.0699995,81.94499969482419
2020-07-17,,4497482.0,246.1134945,241.01,32.333001,88.90999984741214
2020-07-20,,4680838.0,258.6700055,240.8425,33.1374985,84.45000076293945
2020-07-21,,4711350.0,263.975006,243.495,33.3799995,80.75
2020-07-22,,4739077.0,260.604996,240.01,32.6050015,81.6150016784668
2020-07-23,,4818042.0,257.0550005,237.08499999999998,32.5015,77.439998626709
2020-07-24,,4908949.0,243.705002,230.195,31.134999,70.2200012207031
2020-07-27,,5074085.0,249.59500099999997,232.89,31.175,78.5700035095215
2020-07-28,,5087298.0,255.1150055,232.395,30.795,81.67499923706055
2020-07-29,,5131145.0,255.5399935,232.005,31.015,79.685001373291
2020-07-30,,5162663.0,247.82299799999998,231.94650000000001,30.324999499999997,78.0250015258789
2020-07-31,,5216540.0,251.779999,252.425,30.1025,76.02199935913089
2020-08-03,,5340179.0,263.6049955,252.865,30.6774995,75.5099983215332
2020-08-04,,5354145.0,265.595001,250.115,32.007500500000006,77.060001373291
2020-08-05,,5370718.0,268.8069915,250.0199,32.91,75.59000015258789
2020-08-06,,5448636.0,269.1950075,257.6325,34.0024985,74.685001373291
2020-08-07,,5531167.0,260.3949965,271.15999999999997,33.075001,74.20000076293945
2020-08-10,,5583359.0,252.98999750000002,266.775,32.345,73.2050018310547
2020-08-11,,5587186.0,237.739998,260.52250000000004,31.429999499999997,69.20000076293945
2020-08-12,,5597690.0,235.074997,261.0049,31.455001000000003,72.0250015258789
2020-08-13,,5654999.0,244.125,262.365,30.825,68.1150016784668
2020-08-14,,5709680.0,247.4149935,260.66504999999995,30.152500500000002,69.1100006103516
2020-08-17,,5713041.0,258.2249985,261.74865,29.630000000000003,69.57999801635745
2020-08-18,,5704352.0,271.63999950000004,262.205,29.9349995,67.4650001525879
2020-08-19,,5707954.0,274.9559935,264.629,29.869500000000002,67.8849983215332
2020-08-20,,5748666.0,282.4349975,265.54499999999996,30.090000500000002,67.314998626709
2020-08-21,,5805140.0,291.4570005,268.45500000000004,31.2670005,66.80999755859375
2020-08-24,,5817475.0,283.9879915,273.00895,30.835,65.36499977111816
2020-08-25,,5815651.0,284.76599150000004,276.67505,30.895000500000002,65.12299919128421
2020-08-26,,5812507.0,296.425003,294.33500000000004,31.83,68.83499908447266
2020-08-27,,5856376.0,295.924988,296.625,32.67,68.66500091552734
2020-08-28,,5929000.0,300.4199985,294.105,33.3799995,68.04999923706055
2020-08-31,,5990949.0,313.5849915,294.21500000000003,33.5299985,64.8699989318848
2020-09-01,,5992055.0,444.3399965,297.1,33.827499,63.5
2020-09-02,,6017075.0,427.83500649999996,298.32500000000005,33.897501000000005,63.1354999542236
2020-09-03,,6075544.0,388.449997,290.615,33.8450015,66.82500076293945
2020-09-04,,6104588.0,366.38501,280.07,32.6000005,62.0049991607666
2020-09-08,,6145620.0,355.5899965,274.36,33.629999,56.4049987792969
2020-09-09,,6144617.0,378.46099849999996,274.915,34.805000500000006,55.84999847412111
2020-09-10,,6187294.0,393.089996,273.09595,35.984999,58.59499931335449
2020-09-11,,6246478.0,386.899994,267.015,36.699501,58.47999954223636
2020-09-14,,6289492.0,395.244995,271.16999999999996,37.540001000000004,61.982500076293945
2020-09-15,,6296168.0,402.274994,271.90999999999997,37.875,66.31949996948245
2020-09-16,,6318214.0,411.820007,267.115,37.9549995,68.3850021362305
2020-09-17,,6371435.0,402.4100035,255.845,36.7924995,67.75
2020-09-18,,6372146.0,424.75,254.625,36.977498999999995,68.04999923706055
2020-09-21,,6341022.0,452.0,247.04,35.8500005,67.47000122070315
2020-09-22,,6320130.0,476.82499700000005,251.76999999999998,35.3249985,67.93000030517575
2020-09-23,,6331029.0,506.49649050000005,253.07105,34.102501000000004,67.19499969482419
2020-09-24,,6372218.0,479.97000099999997,248.93,33.444999499999994,65.2049980163574
2020-09-25,,6420647.0,487.4349975,251.18,33.8500005,67.70000076293945
2020-09-28,,6453049.0,499.67001350000004,257.2104,35.942499,70.29999923706055
2020-09-29,,6458975.0,476.399994,260.115,35.1225015,70.46249771118164
2020-09-30,,6467391.0,471.7774965,263.0925,35.8899995,72.7750015258789
2020-10-01,,6523360.0,474.36500550000005,266.565,37.2040005,69.1800003051758
2020-10-02,,6597462.0,494.244995,262.16499999999996,36.9650005,70.0099983215332
2020-10-05,,6653718.0,486.08000200000004,262.85255,37.4400005,70.53499984741211
2020-10-06,,6668123.0,480.56149300000004,261.96500000000003,36.705,72.1149978637695
2020-10-07,,6707271.0,482.30499249999997,257.5,36.73750150000001,72.0994987487793
2020-10-08,,6789758.0,482.53498850000005,261.8844,37.395000499999995,72.8850021362305
2020-10-09,,6863779.0,491.48999050000003,263.46000000000004,37.7699985,73.02999877929685
2020-10-12,,7008742.0,498.29399099999995,274.025,36.8675,74.385498046875
2020-10-13,,7051592.0,506.5,276.245,35.625,78.4449996948242
2020-10-14,,7112739.0,509.19999699999994,275.125,35.5825005,78.16749954223636
2020-10-15,,7219021.0,523.274994,266.355,34.415000500000005,75.0999984741211
2020-10-16,,7314866.0,554.350006,268.33500000000004,34.205,75.29750061035155
2020-10-19,,7593512.0,575.6950075,264.21500000000003,34.295,72.2949981689453
2020-10-20,,7680711.0,555.1400145,266.28999999999996,35.6449985,71.875
2020-10-21,,7793020.0,531.7199860000001,279.71000000000004,35.5625,69.81900024414065
2020-10-22,,7958143.0,516.9499969999999,278.745,35.9025,70.46500015258789
2020-10-23,,8157350.0,516.205002,281.03,36.457001000000005,70.60000228881836
2020-10-26,,8591991.0,525.707489,279.745,35.930000500000006,70.0099983215332
2020-10-27,,8746784.0,526.649994,280.40999999999997,34.8600005,70.07999801635745
2020-10-28,,8929954.0,532.6795045,273.025,33.280001,67.4799995422363
2020-10-29,,9159721.0,504.4775085,278.69,34.132501500000004,70.3845024108887
2020-10-30,,9416353.0,476.48500049999996,267.9,33.772498999999996,69.16999816894531
2020-11-02,,9943034.0,458.5,263.905,34.555,67.57500076293945
2020-11-03,,10096718.0,453.4450075,265.46500000000003,35.650002,67.91999816894531
2020-11-04,,10284712.0,470.16999799999996,283.78,40.575001,70.23450088500975
2020-11-05,,10537172.0,490.055496,293.16499999999996,41.0299985,70.875
2020-11-06,,10815327.0,494.30500800000004,291.33000000000004,43.5,72.5150032043457
2020-11-09,,11459979.0,424.23500049999996,285.55499999999995,48.459998999999996,77.83499908447266
2020-11-10,,11651828.0,390.36500550000005,269.0,47.7024995,76.9499969482422
2020-11-11,,11903878.0,402.399994,275.44,46.715,80.0550003051758
2020-11-12,,11939394.0,427.67999249999997,277.09000000000003,46.260000000000005,85.88000106811525
2020-11-13,,12199453.0,412.66949450000004,275.43,46.8600005,87.875
2020-11-16,,12634279.0,387.949997,277.02,49.285,98.2499999999999
2020-11-17,,12658645.0,403.9100035,275.485,49.0599995,94.70000076293945
2020-11-18,,12786557.0,406.86000049999996,274.61445,49.1400015,91.30500030517581
2020-11-19,,12958883.0,417.69500750000003,271.33000000000004,49.280001,92.08050155639651
2020-11-20,,13154165.0,430.42999299999997,271.20500000000004,49.510000000000005,96.625
2020-11-23,,13419994.0,427.19650249999995,267.73855,49.694999499999994,100.19499969482399
2020-11-24,,13482729.0,429.4210055,272.84495000000004,51.3170015,96.71500015258785
2020-11-25,,13453207.0,440.90499900000003,276.41499999999996,50.6849995,103.97000122070295
2020-11-27,,13601906.0,460.5200045,276.975,50.695,122.459999084473
2020-11-30,,13657597.0,473.41499350000004,274.355,49.7675,147.459999084473
2019-04-18,,,63.1604995,178.11,,
2019-04-22,,,64.4200005,179.95749999999998,,
2019-04-23,,,69.859501,182.85,,
2019-04-24,,,67.33,183.39499999999998,,
2019-04-25,,,64.724998,195.3,,
2019-04-26,,,65.29499799999999,190.995,,
2019-04-29,,,66.625,193.03,,
2019-04-30,,,69.5949975,194.83499999999998,,
2019-05-01,,,73.8829995,194.59345,,
2019-05-02,,,72.79050050000001,191.875,,
2019-05-03,,,77.625,194.935,,
2019-05-06,,,77.64500050000001,192.41500000000002,,
2019-05-07,,,75.6500015,190.375,,
2019-05-08,,,76.2649995,189.635,,
2019-05-09,,,75.494999,188.015,,
2019-05-10,,,77.2549975,187.29500000000002,43.0300005,
2019-05-13,,,73.99499850000001,183.135,37.660002000000006,
2019-05-14,,,74.9975015,180.79500000000002,38.4049985,
2019-05-15,,,76.10499949999999,183.65,40.415001000000004,
2019-05-16,,,83.4000015,186.8125,42.6550005,
2019-05-17,,,86.079998,185.93,42.2800005,
2019-05-20,,,87.364998,182.8,40.569999499999994,
2019-05-21,,,87.0999985,184.7925,41.745001,
2019-05-22,,,83.8499985,185.175,40.8899995,
2019-05-23,,,79.380001,181.785,40.55500000000001,
2019-05-24,,,77.7249985,182.23000000000002,41.004999,
2019-05-28,,,78.095001,183.08280000000002,41.1999985,
2019-05-29,,,75.7565,182.95499999999998,39.928499,
2019-05-30,,,78.7849995,182.185,39.9400005,
2019-05-31,,,80.4749985,178.85,40.489999999999995,
2019-06-03,,,78.79500200000001,168.03,41.045,
2019-06-04,,,77.75,164.56,41.790001000000004,
2019-06-05,,,78.41999799999999,166.675,44.08,
2019-06-06,,,78.3899995,168.46499999999997,45.0149995,
2019-06-07,,,95.6949995,171.35500000000002,44.8999995,
2019-06-10,,,100.9925005,175.83,43.5599995,
2019-06-11,,,96.3849985,178.385,42.7250005,
2019-06-12,,,99.092499,176.075,42.1800005,
2019-06-13,,,101.86099999999999,176.31799999999998,43.5749985,
2019-06-14,,,101.91,180.91989999999998,43.955,
2019-06-17,,,99.7234995,186.95525,43.504499499999994,
2019-06-18,,,99.755001,190.905,44.319999499999994,
2019-06-19,,,101.5374985,186.325,44.7250005,
2019-06-20,,,104.48049900000001,189.39999999999998,44.3999995,
2019-06-21,,,99.67599899999999,190.375,43.76,
2019-06-24,,,95.1899985,192.77499999999998,43.445,
2019-06-25,,,88.0649985,190.635,43.116501,
2019-06-26,,,86.8425025,189.035,42.880001500000006,
2019-06-27,,,90.0650025,189.11,44.25,
2019-06-28,,,89.7249985,191.57,46.080002,
2019-07-01,,,85.4449995,193.60500000000002,45.550001,
2019-07-02,,,85.424999,193.85500000000002,44.215,
2019-07-03,,,87.555,195.78,44.125,
2019-07-05,,,89.9850005,195.62,43.7799985,
2019-07-08,,,91.34,195.16,43.299999,
2019-07-09,,,90.18499750000001,197.175,43.605,
2019-07-10,,,92.5,201.315,44.18,
2019-07-11,,,91.826,202.005,43.800001,
2019-07-12,,,93.1500015,202.23000000000002,43.8150005,
2019-07-15,,,97.2150005,203.575,44.335001000000005,
2019-07-16,,,98.5,204.28535,44.5,
2019-07-17,,,99.76350049999999,202.97500000000002,43.934999000000005,
2019-07-18,,,97.2579995,200.925,43.5199985,
2019-07-19,,,95.33499900000001,200.2,43.6229995,
2019-07-22,,,95.4849965,200.69,43.364999499999996,
2019-07-23,,,95.83499950000001,202.60225000000003,43.710001000000005,
2019-07-24,,,96.2824975,201.015,43.615,
2019-07-25,,,97.674999,203.45999999999998,43.584998999999996,
2019-07-26,,,101.16,199.565,44.174999,
2019-07-29,,,97.54899950000001,197.465,44.373498999999995,
2019-07-30,,,96.6899985,196.10500000000002,43.115002000000004,
2019-07-31,,,95.5,195.72,42.41,
2019-08-01,,,96.23000350000001,194.675,41.7679995,
2019-08-02,,,94.283001,190.345,40.505001,
2019-08-05,,,89.2400015,182.505,38.9264985,
2019-08-06,,,90.1949995,184.4395,39.584,
2019-08-07,,,90.5900005,183.79500000000002,39.155001,
2019-08-08,,,94.4299965,187.195,42.125,
2019-08-09,,,94.399998,189.05,39.694999499999994,
2019-08-12,,,92.64500050000001,186.025,38.4750005,
2019-08-13,,,94.141499,188.375,36.789998999999995,
2019-08-14,,,92.206001,182.65,34.83,
2019-08-15,,,91.565002,181.615,33.7349985,
2019-08-16,,,93.540001,183.73000000000002,34.440000999999995,
2019-08-19,,,94.54499799999999,186.175,35.084998999999996,
2019-08-20,,,92.35499949999999,184.195,35.2299995,
2019-08-21,,,93.26749799999999,184.51999999999998,35.290001000000004,
2019-08-22,,,93.535,182.01,34.215,
2019-08-23,,,92.27000050000001,179.89499999999998,33.6749995,
2019-08-26,,,92.4749985,179.37,33.445001500000004,
2019-08-27,,,92.065002,182.52499999999998,33.610001,
2019-08-28,,,90.04549800000001,180.435,32.6549985,
2019-08-29,,,91.6899985,184.7726,32.9499985,
2019-08-30,,,90.7199975,185.1301,32.585001000000005,
2019-09-03,,,92.494999,183.89,31.597499999999997,
2019-09-04,,,94.59,185.8197,31.605000500000003,
2019-09-05,,,91.4449995,189.65,32.6399995,
2019-09-06,,,90.6800005,188.28,32.075001,
2019-09-09,,,81.5699995,187.4133,31.924999,
2019-09-10,,,79.0154995,186.325,32.695001000000005,
2019-09-11,,,80.1800005,187.76,34.0799995,
2019-09-12,,,81.275002,189.07999999999998,33.908001,
2019-09-13,,,80.3729975,187.255,33.6875,
2019-09-16,,,79.625,186.77965,34.135000000000005,
2019-09-17,,,82.1749995,186.93,34.1499995,
2019-09-18,,,84.75,187.546,34.319999499999994,
2019-09-19,,,84.299999,189.625,34.1599995,
2019-09-20,,,83.424999,190.61,33.3584995,
2019-09-23,,,82.7000005,187.6531,32.5349995,
2019-09-24,,,81.1949995,184.21499999999997,32.0775,
2019-09-25,,,78.035,180.64499999999998,31.2399995,
2019-09-26,,,79.6175005,179.535,31.63,
2019-09-27,,,77.45749649999999,178.20749999999998,31.0149995,
2019-09-30,,,75.64500050000001,177.76,30.4525005,
2019-10-01,,,76.3499985,177.36,29.58,
2019-10-02,,,74.7200015,174.81,28.929999,
2019-10-03,,,75.9399985,176.735,29.199999499999997,
2019-10-04,,,76.531498,179.54,29.54,
2019-10-07,,,76.215,179.635,30.29,
2019-10-08,,,74.466999,179.04500000000002,29.66,
2019-10-09,,,73.904999,179.32999999999998,29.215,
2019-10-10,,,72.39500050000001,180.39,28.9300005,14.1399998664856
2019-10-11,,,71.8959995,184.315,29.6700005,14.34499979019165
2019-10-14,,,70.39500050000001,183.59675,30.6795005,13.970000267028798
2019-10-15,,,69.824997,187.01999999999998,31.682499,13.98999977111815
2019-10-16,,,68.22999949999999,188.3001,31.909000499999998,14.170000076293949
2019-10-17,,,67.380001,189.8025,32.1900005,14.434999942779552
2019-10-18,,,65.7299995,187.70695,31.964999999999996,14.46000003814695
2019-10-21,,,65.3289985,188.32999999999998,31.733999999999998,15.125
2019-10-22,,,62.809999000000005,186.075,32.054998999999995,15.820000171661402
2019-10-23,,,62.3540005,184.19,32.719999,16.55000019073485
2019-10-24,,,64.35,184.765,32.964997999999994,16.539999961853
2019-10-25,,,63.8899995,187.0438,33.0450005,16.76500034332275
2019-10-28,,,64.8649995,187.305,32.927499999999995,16.97949981689455
2019-10-29,,,65.95500200000001,190.5,32.3674995,16.9075002670288
2019-10-30,,,67.875,188.21499999999997,32.955,16.880000114440946
2019-10-31,,,68.34,193.17000000000002,32.3100005,16.819999694824247
2019-11-01,,,69.285,192.01,31.2205,16.206999778747548
2019-11-04,,,69.93,195.58955,30.9350005,16.3149995803833
2019-11-05,,,68.764999,194.675,28.634999,17.2149991989136
2019-11-06,,,66.244999,192.86,26.5649995,16.76999950408935
2019-11-07,,,67.4449995,191.45499999999998,26.9350005,16.9440002441406
2019-11-08,,,68.2599985,191.01999999999998,27.267501000000003,17.305000305175803
2019-11-11,,,68.975002,189.31,26.7199995,17.360000610351598
2019-11-12,,,68.8050005,192.4,27.16,17.70149993896485
2019-11-13,,,67.689003,194.22,26.479999499999998,18.10499954223635
2019-11-14,,,67.4300005,192.74,26.262501,18.20499992370605
2019-11-15,,,69.505001,194.34,26.3774995,18.89000034332275
2019-11-18,,,69.95999900000001,195.84,26.6499995,19.0600004196167
2019-11-19,,,69.2610015,198.43,26.915,19.47600078582765
2019-11-20,,,70.130001,197.51,27.6725,19.875
2019-11-21,,,70.7649995,197.97500000000002,29.05,20.0050001144409
2019-11-22,,,72.575001,198.46,29.669998999999997,20.295000076293952
2019-11-25,,,73.9599995,200.11,28.9899995,20.475000381469748
2019-11-26,,,75.2649995,199.09435000000002,29.7550005,20.23499965667725
2019-11-27,,,74.5999985,201.27999999999997,29.2349995,20.34500026702885
2019-11-29,,,74.4000015,202.505,29.55,20.60500049591065
2019-12-02,,,71.47999949999999,200.115,29.1125005,20.0700006484985
2019-12-03,,,68.290001,197.005,28.74,20.39000034332275
2019-12-04,,,70.025002,199.0394,28.950001,21.20149993896485
2019-12-05,,,69.9850005,199.75130000000001,28.585,21.034999847412102
2019-12-06,,,63.59500150000001,200.815,28.362499,19.930000305175753
2019-12-09,,,64.7999995,201.6759,28.020000500000002,18.9849996566772
2019-12-10,,,64.6100005,201.10000000000002,27.799,18.835000038147
2019-12-11,,,63.249998,201.45499999999998,28.1975,18.82000064849855
2019-12-12,,,63.175000999999995,198.88,28.4700005,18.68249988555905
2019-12-13,,,62.885000000000005,194.985,28.555,18.51999950408935
2019-12-16,,,64.975,196.965,29.6149995,18.5949993133545
2019-12-17,,,66.0100025,197.565,29.9750005,18.50500011444095
2019-12-18,,,67.09,202.195,29.7399995,18.73999977111815
2019-12-19,,,67.7799985,204.405,29.8500005,19.08500003814695
2019-12-20,,,67.447502,205.57,30.440000500000004,19.524999618530252
2019-12-23,,,66.715,207.135,30.3850005,19.5950002670288
2019-12-24,,,66.3125,205.89499999999998,30.4750005,19.5700006484985
2019-12-26,,,67.2450025,206.565,30.410001,19.88500022888185
2019-12-27,,,67.2350005,207.75875000000002,30.6149995,19.625
2019-12-30,,,66.3499985,205.90005000000002,29.7750005,19.4400005340576
2019-12-31,,,67.244999,204.58005,29.4250005,19.299999237060547
2020-01-02,,,68.627499,208.03,30.395000500000002,19.3449993133545
2020-01-03,,,67.889999,208.675,30.955,19.03999996185305
2020-01-06,,,68.1534995,209.65,31.5300005,18.375
2020-01-07,,,71.1045,213.16500000000002,32.1000005,18.0
2020-01-08,,,72.16,214.42605,33.489999499999996,17.920000076293952
2020-01-09,,,72.674999,217.329,33.845001,18.2249994277954
2020-01-10,,,73.0250015,218.64999999999998,34.4125005,20.024999618530252
2020-01-13,,,74.6900025,220.59,33.9449995,19.48000049591065
2020-01-14,,,73.6875,220.505,34.469999,20.02399921417235
2020-01-15,,,75.489998,220.91,34.829498,20.26000022888185
2020-01-16,,,76.950001,221.51,34.6200005,21.32000064849855
2020-01-17,,,76.195,221.41,34.950001,21.024999618530252
2020-01-21,,,75.7200015,220.745,36.6049995,21.067500114440946
2012-05-18,,,,41.5,,
2012-05-21,,,,34.83,,
2012-05-22,,,,32.265,,
2012-05-23,,,,31.93,,
2012-05-24,,,,32.490005,,
2012-05-25,,,,32.03,,
2012-05-29,,,,30.169995,,
2012-05-30,,,,28.705,,
2012-05-31,,,,28.25,,
2012-06-01,,,,28.269995,,
2012-06-04,,,,27.044995,,
2012-06-05,,,,26.754995,,
2012-06-06,,,,26.345,,
2012-06-07,,,,26.75,,
2012-06-08,,,,27.099995,,
2012-06-11,,,,27.452509999999997,,
2012-06-12,,,,27.365004999999996,,
2012-06-13,,,,27.600009999999997,,
2012-06-14,,,,27.850004999999996,,
2012-06-15,,,,29.225009999999997,,
2012-06-18,,,,30.744999999999997,,
2012-06-19,,,,31.439995000000003,,
2012-06-20,,,,31.539395,,
2012-06-21,,,,32.004995,,
2012-06-22,,,,32.755,,
2012-06-25,,,,32.285000000000004,,
2012-06-26,,,,32.97,,
2012-06-27,,,,32.39999,,
2012-06-28,,,,31.544995,,
2012-06-29,,,,31.375,,
2012-07-02,,,,31.14,,
2012-07-03,,,,31.12,,
2012-07-05,,,,31.322499999999998,,
2012-07-06,,,,31.579990000000002,,
2012-07-09,,,,32.435005000000004,,
2012-07-10,,,,31.81995,,
2012-07-11,,,,31.055,,
2012-07-12,,,,31.0,,
2012-07-13,,,,30.815005,,
2012-07-16,,,,29.355005,,
2012-07-17,,,,27.869995000000003,,
2012-07-18,,,,28.719990000000003,,
2012-07-19,,,,29.064999999999998,,
2012-07-20,,,,29.095,,
2012-07-23,,,,28.504995,,
2012-07-24,,,,28.775005,,
2012-07-25,,,,28.785004999999998,,
2012-07-26,,,,27.48,,
2012-07-27,,,,23.409995000000002,,
2012-07-30,,,,23.534995000000002,,
2012-07-31,,,,22.490000000000002,,
2012-08-01,,,,21.21,,
2012-08-02,,,,20.330005,,
2012-08-03,,,,21.029995,,
2012-08-06,,,,21.724995,,
2012-08-07,,,,21.475,,
2012-08-08,,,,20.684995,,
2012-08-09,,,,20.89,,
2012-08-10,,,,21.475005,,
2012-08-13,,,,21.924995,,
2012-08-14,,,,20.925005,,
2012-08-15,,,,20.904995,,
2012-08-16,,,,20.085,,
2012-08-17,,,,19.54,,
2012-08-20,,,,19.439999999999998,,
2012-08-21,,,,19.535,,
2012-08-22,,,,19.245005,,
2012-08-23,,,,19.545,,
2012-08-24,,,,19.464995000000002,,
2012-08-27,,,,19.315005,,
2012-08-28,,,,19.165,,
2012-08-29,,,,19.225005,,
2012-08-30,,,,19.255,,
2012-08-31,,,,18.365000000000002,,
2012-09-04,,,,17.91,,
2012-09-05,,,,18.464995000000002,,
2012-09-06,,,,18.990850000000002,,
2012-09-07,,,,19.1,,
2012-09-10,,,,18.875,,
2012-09-11,,,,19.2155,,
2012-09-12,,,,20.72,,
2012-09-13,,,,21.045,,
2012-09-14,,,,21.489995,,
2012-09-17,,,,22.125,,
2012-09-18,,,,21.675,,
2012-09-19,,,,22.57,,
2012-09-20,,,,22.89,,
2012-09-21,,,,22.92001,,
2012-09-24,,,,21.17125,,
2012-09-25,,,,20.715004999999998,,
2012-09-26,,,,20.29,,
2012-09-27,,,,20.58,,
2012-09-28,,,,21.225,,
2012-10-01,,,,22.16,,
2012-10-02,,,,22.15501,,
2012-10-03,,,,22.145005,,
2012-10-04,,,,21.904995,,
2012-10-05,,,,21.255,,
2012-10-08,,,,20.4525,,
2012-10-09,,,,20.259999999999998,,
2012-10-10,,,,19.695,,
2012-10-11,,,,19.785004999999998,,
2012-10-12,,,,19.64,,
2012-10-15,,,,19.685005,,
2012-10-16,,,,19.495,,
2012-10-17,,,,19.9259,,
2012-10-18,,,,19.339995000000002,,
2012-10-19,,,,18.93,,
2012-10-22,,,,19.239995,,
2012-10-23,,,,19.450005,,
2012-10-24,,,,23.550005,,
2012-10-25,,,,22.89,,
2012-10-26,,,,22.38,,
2012-10-31,,,,21.115000000000002,,
2012-11-01,,,,21.224995,,
2012-11-02,,,,21.380005,,
2012-11-05,,,,21.200000000000003,,
2012-11-06,,,,21.180005,,
2012-11-07,,,,20.66,,
2012-11-08,,,,20.355,,
2012-11-09,,,,19.564999999999998,,
2012-11-12,,,,19.520000000000003,,
2012-11-13,,,,19.835,,
2012-11-14,,,,21.214995000000002,,
2012-11-15,,,,22.074995,,
2012-11-16,,,,23.05499,,
2012-11-19,,,,23.470005,,
2012-11-20,,,,23.299995,,
2012-11-21,,,,23.79,,
2012-11-23,,,,24.279995,,
2012-11-26,,,,25.45,,
2012-11-27,,,,25.980005,,
2012-11-28,,,,26.120005,,
2012-11-29,,,,26.84,,
2012-11-30,,,,27.379995,,
2012-12-03,,,,27.93,,
2012-12-04,,,,27.219990000000003,,
2012-12-05,,,,27.579990000000002,,
2012-12-06,,,,27.285004999999998,,
2012-12-07,,,,27.310000000000002,,
2012-12-10,,,,27.635005,,
2012-12-11,,,,27.950004999999997,,
2012-12-12,,,,27.755000000000003,,
2012-12-13,,,,28.089995000000002,,
2012-12-14,,,,27.544995,,
2012-12-17,,,,26.660004999999998,,
2012-12-18,,,,27.404995,,
2012-12-19,,,,27.585,,
2012-12-20,,,,27.365004999999996,,
2012-12-21,,,,26.564995000000003,,
2012-12-24,,,,26.580005,,
2012-12-26,,,,26.777495000000002,,
2012-12-27,,,,26.16,,
2012-12-28,,,,25.629995,,
2012-12-31,,,,26.550005,,
2013-01-02,,,,27.799995000000003,,
2013-01-03,,,,28.03,,
2013-01-04,,,,28.379995,,
2013-01-07,,,,29.219990000000003,,
2013-01-08,,,,29.230005,,
2013-01-09,,,,30.045009999999998,,
2013-01-10,,,,30.865000000000002,,
2013-01-11,,,,31.530009999999997,,
2013-01-14,,,,31.415005,,
2013-01-15,,,,30.795004999999996,,
2013-01-16,,,,29.940005,,
2013-01-17,,,,30.225,,
2013-01-18,,,,29.855,,
2013-01-22,,,,30.315005,,
2013-01-23,,,,31.15,,
2013-01-24,,,,31.150005,,
2013-01-25,,,,31.529995,,
2013-01-28,,,,32.15815,,
2013-01-29,,,,31.390009999999997,,
2013-01-30,,,,31.185004999999997,,
2013-01-31,,,,30.105005,,
2013-02-01,,,,30.325,,
2013-02-04,,,,28.604995000000002,,
2013-02-05,,,,28.5,,
2013-02-06,,,,28.974995,,
2013-02-07,,,,28.709995,,
2013-02-08,,,,28.839995000000002,,
2013-02-11,,,,28.359990000000003,,
2013-02-12,,,,27.630004999999997,,
2013-02-13,,,,27.815005,,
2013-02-14,,,,28.319995,,
2013-02-15,,,,28.42,,
2013-02-19,,,,28.6,,
2013-02-20,,,,28.689999999999998,,
2013-02-21,,,,27.849995,,
2013-02-22,,,,27.225004999999996,,
2013-02-25,,,,27.394995,,
2013-02-26,,,,27.080005,,
2013-02-27,,,,26.985,,
2013-02-28,,,,26.82,,
2013-03-01,,,,27.463195,,
2013-03-04,,,,27.75,,
2013-03-05,,,,27.695,,
2013-03-06,,,,27.740004999999996,,
2013-03-07,,,,28.072499999999998,,
2013-03-08,,,,28.1,,
2013-03-11,,,,28.235,,
2013-03-12,,,,27.960009999999997,,
2013-03-13,,,,27.284995000000002,,
2013-03-14,,,,27.129995,,
2013-03-15,,,,26.81,,
2013-03-18,,,,26.284995000000002,,
2013-03-19,,,,26.555,,
2013-03-20,,,,26.235,,
2013-03-21,,,,25.835,,
2013-03-22,,,,25.819995,,
2013-03-25,,,,25.439,,
2013-03-26,,,,25.255000000000003,,
2013-03-27,,,,25.5,,
2013-03-28,,,,25.845,,
2013-04-01,,,,25.585,,
2013-04-02,,,,25.71,,
2013-04-03,,,,26.045,,
2013-04-04,,,,26.67005,,
2013-04-05,,,,27.205,,
2013-04-08,,,,26.915,,
2013-04-09,,,,26.655,,
2013-04-10,,,,27.369995000000003,,
2013-04-11,,,,27.675005,,
2013-04-12,,,,27.620005,,
2013-04-15,,,,26.92,,
2013-04-16,,,,26.754995,,
2013-04-17,,,,26.795,,
2013-04-18,,,,25.985,,
2013-04-19,,,,25.645004999999998,,
2013-04-22,,,,26.03,,
2013-04-23,,,,26.049999999999997,,
2013-04-24,,,,26.099995,,
2013-04-25,,,,26.199995,,
2013-04-26,,,,27.110005,,
2013-04-29,,,,27.134999999999998,,
2013-04-30,,,,27.427504999999996,,
2013-05-01,,,,27.612495000000003,,
2013-05-02,,,,28.5,,
2013-05-03,,,,28.61,,
2013-05-06,,,,27.970005,,
2013-05-07,,,,27.350009999999997,,
2013-05-08,,,,26.974995,,
2013-05-09,,,,27.200004999999997,,
2013-05-10,,,,26.935004999999997,,
2013-05-13,,,,26.928005,,
2013-05-14,,,,27.050005,,
2013-05-15,,,,26.695,,
2013-05-16,,,,26.224995,,
2013-05-17,,,,26.400005,,
2013-05-20,,,,25.94,,
2013-05-21,,,,25.8325,,
2013-05-22,,,,25.385005,,
2013-05-23,,,,25.15,,
2013-05-24,,,,24.525,,
2013-05-28,,,,24.229995000000002,,
2013-05-29,,,,23.534995,,
2013-05-30,,,,24.3545,,
2013-05-31,,,,24.61,,
2013-06-03,,,,24.01501,,
2013-06-04,,,,23.625,,
2013-06-05,,,,23.247495,,
2013-06-06,,,,22.880000000000003,,
2013-06-07,,,,23.129995,,
2013-06-10,,,,24.29501,,
2013-06-11,,,,24.175005,,
2013-06-12,,,,23.919995,,
2013-06-13,,,,23.5475,,
2013-06-14,,,,23.574995,,
2013-06-17,,,,24.0,,
2013-06-18,,,,24.384999999999998,,
2013-06-19,,,,24.645005,,
2013-06-20,,,,24.197495,,
2013-06-21,,,,24.375,,
2013-06-24,,,,23.744999999999997,,
2013-06-25,,,,24.23499,,
2013-06-26,,,,24.32,,
2013-06-27,,,,24.525005,,
2013-06-28,,,,24.700000000000003,,
2013-07-01,,,,24.840049999999998,,
2013-07-02,,,,24.535,,
2013-07-03,,,,24.43,,
2013-07-05,,,,24.43,,
2013-07-08,,,,24.729995000000002,,
2013-07-09,,,,25.260005,,
2013-07-10,,,,25.65,,
2013-07-11,,,,25.725,,
2013-07-12,,,,25.739995,,
2013-07-15,,,,26.039990000000003,,
2013-07-16,,,,26.379995,,
2013-07-17,,,,26.54,,
2013-07-18,,,,26.445,,
2013-07-19,,,,25.853855000000003,,
2013-07-22,,,,25.924999999999997,,
2013-07-23,,,,26.134999999999998,,
2013-07-24,,,,26.29,,
2013-07-25,,,,33.815,,
2013-07-26,,,,34.144999999999996,,
2013-07-29,,,,34.819995000000006,,
2013-07-30,,,,36.64001,,
2013-07-31,,,,37.32,,
2013-08-01,,,,37.604995,,
2013-08-02,,,,37.995005,,
2013-08-05,,,,38.785005,,
2013-08-06,,,,38.595,,
2013-08-07,,,,38.32,,
2013-08-08,,,,38.809995,,
2013-08-09,,,,38.375,,
2013-08-12,,,,38.300005,,
2013-08-13,,,,37.545005,,
2013-08-14,,,,37.084999999999994,,
2013-08-15,,,,36.545055,,
2013-08-16,,,,37.195,,
2013-08-19,,,,37.71,,
2013-08-20,,,,38.135,,
2013-08-21,,,,38.497505000000004,,
2013-08-22,,,,38.545,,
2013-08-23,,,,39.779995,,
2013-08-26,,,,41.28,,
2013-08-27,,,,40.31,,
2013-08-28,,,,40.365005,,
2013-08-29,,,,41.29,,
2013-08-30,,,,41.659995,,
2013-09-03,,,,41.83749,,
2013-09-04,,,,41.805,,
2013-09-05,,,,42.2675,,
2013-09-06,,,,43.504995,,
2013-09-09,,,,44.244995,,
2013-09-10,,,,43.744995,,
2013-09-11,,,,44.1,,
2013-09-12,,,,45.134995,,
2013-09-13,,,,44.504995,,
2013-09-16,,,,43.684995,,
2013-09-17,,,,43.934995,,
2013-09-18,,,,44.932500000000005,,
2013-09-19,,,,45.64,,
2013-09-20,,,,46.67001,,
2013-09-23,,,,46.919995,,
2013-09-24,,,,48.91,,
2013-09-25,,,,49.0,,
2013-09-26,,,,50.050005,,
2013-09-27,,,,50.57,,
2013-09-30,,,,50.700005,,
2013-10-01,,,,50.24,,
2013-10-02,,,,50.525005,,
2013-10-03,,,,49.89,,
2013-10-04,,,,50.365005,,
2013-10-07,,,,50.84499,,
2013-10-08,,,,48.840005,,
2013-10-09,,,,46.549995,,
2013-10-10,,,,48.754995,,
2013-10-11,,,,49.329995,,
2013-10-14,,,,48.769999999999996,,
2013-10-15,,,,50.089995,,
2013-10-16,,,,50.57,,
2013-10-17,,,,51.585,,
2013-10-18,,,,54.212505,,
2013-10-21,,,,54.159995,,
2013-10-22,,,,53.479995,,
2013-10-23,,,,51.69,,
2013-10-24,,,,52.2164,,
2013-10-25,,,,52.560005000000004,,
2013-10-28,,,,50.655,,
2013-10-29,,,,50.019999999999996,,
2013-10-30,,,,49.480000000000004,,
2013-10-31,,,,49.25,,
2013-11-01,,,,50.905,,
2013-11-04,,,,48.885000000000005,,
2013-11-05,,,,48.845,,
2013-11-06,,,,49.58,,
2013-11-07,,,,48.584999999999994,,
2013-11-08,,,,47.95,,
2013-11-11,,,,46.629999999999995,,
2013-11-12,,,,46.599999999999994,,
2013-11-13,,,,47.400000000000006,,
2013-11-14,,,,48.8,,
2013-11-15,,,,49.095,,
2013-11-18,,,,47.32,,
2013-11-19,,,,46.36,,
2013-11-20,,,,46.93,,
2013-11-21,,,,47.072500000000005,,
2013-11-22,,,,46.615,,
2013-11-25,,,,45.345,,
2013-11-26,,,,44.86,,
2013-11-27,,,,46.1,,
2013-11-29,,,,46.855000000000004,,
2013-12-02,,,,46.9,,
2013-12-03,,,,46.745000000000005,,
2013-12-04,,,,47.515,,
2013-12-05,,,,48.285,,
2013-12-06,,,,48.55,,
2013-12-09,,,,48.355000000000004,,
2013-12-10,,,,49.655,,
2013-12-11,,,,49.89,,
2013-12-12,,,,51.364999999999995,,
2013-12-13,,,,52.42,,
2013-12-16,,,,53.705,,
2013-12-17,,,,54.71,,
2013-12-18,,,,54.82,,
2013-12-19,,,,54.57,,
2013-12-20,,,,54.69,,
2013-12-23,,,,56.885000000000005,,
2013-12-24,,,,57.745,,
2013-12-26,,,,57.875,,
2013-12-27,,,,56.465,,
2013-12-30,,,,54.305,,
2013-12-31,,,,54.385,,
2014-01-02,,,,54.705,,
2014-01-03,,,,55.09,,
2014-01-06,,,,55.655,,
2014-01-07,,,,57.885,,
2014-01-08,,,,57.81999999999999,,
2014-01-09,,,,57.805,,
2014-01-10,,,,57.68,,
2014-01-13,,,,56.815,,
2014-01-14,,,,56.94,,
2014-01-15,,,,57.92,,
2014-01-16,,,,57.425,,
2014-01-17,,,,56.945,,
2014-01-21,,,,57.54,,
2014-01-22,,,,58.205,,
2014-01-23,,,,56.18275,,
2014-01-24,,,,55.41,,
2014-01-27,,,,53.39505,,
2014-01-28,,,,54.64,,
2014-01-29,,,,54.07,,
2014-01-30,,,,61.480000000000004,,
2014-01-31,,,,61.769999999999996,,
2014-02-03,,,,62.235,,
2014-02-04,,,,62.480000000000004,,
2014-02-05,,,,62.215,,
2014-02-06,,,,62.120000000000005,,
2014-02-07,,,,63.394999999999996,,
2014-02-10,,,,63.9815,,
2014-02-11,,,,64.175,,
2014-02-12,,,,64.555,,
2014-02-13,,,,65.69,,
2014-02-14,,,,67.15,,
2014-02-18,,,,66.80484999999999,,
2014-02-19,,,,68.03999999999999,,
2014-02-20,,,,67.9185,,
2014-02-21,,,,69.205,,
2014-02-24,,,,69.99000000000001,,
2014-02-25,,,,70.225,,
2014-02-26,,,,70.035,,
2014-02-27,,,,69.44,,
2014-02-28,,,,68.63,,
2014-03-03,,,,67.28,,
2014-03-04,,,,68.26,,
2014-03-05,,,,70.795,,
2014-03-06,,,,71.07,,
2014-03-07,,,,70.325,,
2014-03-10,,,,71.33000000000001,,
2014-03-11,,,,71.275,,
2014-03-12,,,,70.175,,
2014-03-13,,,,69.75,,
2014-03-14,,,,68.445,,
2014-03-17,,,,67.785,,
2014-03-18,,,,68.94999999999999,,
2014-03-19,,,,68.3775,,
2014-03-20,,,,67.525,,
2014-03-21,,,,67.0493,,
2014-03-24,,,,65.36,,
2014-03-25,,,,64.985,,
2014-03-26,,,,62.66,,
2014-03-27,,,,59.94,,
2014-03-28,,,,60.6425,,
2014-03-31,,,,60.695,,
2014-04-01,,,,61.45,,
2014-04-02,,,,63.06,,
2014-04-03,,,,61.150000000000006,,
2014-04-04,,,,58.260000000000005,,
2014-04-07,,,,56.72,,
2014-04-08,,,,57.94,,
2014-04-09,,,,60.822,,
2014-04-10,,,,60.93,,
2014-04-11,,,,58.81,,
2014-04-14,,,,59.115,,
2014-04-15,,,,57.78,,
2014-04-16,,,,58.965,,
2014-04-17,,,,59.65,,
2014-04-21,,,,60.195,,
2014-04-22,,,,62.83,,
2014-04-23,,,,62.37,,
2014-04-24,,,,61.71,,
2014-04-25,,,,58.79,,
2014-04-28,,,,56.485,,
2014-04-29,,,,57.06,,
2014-04-30,,,,58.504999999999995,,
2014-05-01,,,,61.245000000000005,,
2014-05-02,,,,61.035,,
2014-05-05,,,,60.265,,
2014-05-06,,,,59.82,,
2014-05-07,,,,57.78,,
2014-05-08,,,,57.66,,
2014-05-09,,,,57.015,,
2014-05-12,,,,58.94,,
2014-05-13,,,,60.2,,
2014-05-14,,,,59.7,,
2014-05-15,,,,58.45,,
2014-05-16,,,,57.88,,
2014-05-19,,,,58.565,,
2014-05-20,,,,59.185,,
2014-05-21,,,,59.375,,
2014-05-22,,,,60.94,,
2014-05-23,,,,60.8,,
2014-05-27,,,,62.54,,
2014-05-28,,,,63.379999999999995,,
2014-05-29,,,,63.905,,
2014-05-30,,,,63.365,,
2014-06-02,,,,62.82,,
2014-06-03,,,,62.870000000000005,,
2014-06-04,,,,62.83,,
2014-06-05,,,,63.59,,
2014-06-06,,,,62.815,,
2014-06-09,,,,62.565,,
2014-06-10,,,,64.66,,
2014-06-11,,,,65.35,,
2014-06-12,,,,65.265,,
2014-06-13,,,,64.4,,
2014-06-16,,,,64.315,,
2014-06-17,,,,64.405,,
2014-06-18,,,,64.9,,
2014-06-19,,,,64.8928,,
2014-06-20,,,,64.08,,
2014-06-23,,,,64.94,,
2014-06-24,,,,66.22,,
2014-06-25,,,,66.525,,
2014-06-26,,,,67.45,,
2014-06-27,,,,67.27000000000001,,
2014-06-30,,,,67.525,,
2014-07-01,,,,67.91499999999999,,
2014-07-02,,,,67.045,,
2014-07-03,,,,66.38,,
2014-07-07,,,,65.845,,
2014-07-08,,,,63.885000000000005,,
2014-07-09,,,,64.135,,
2014-07-10,,,,64.195,,
2014-07-11,,,,65.69,,
2014-07-14,,,,67.535,,
2014-07-15,,,,67.17495,,
2014-07-16,,,,67.505,,
2014-07-17,,,,66.945,,
2014-07-18,,,,67.31,,
2014-07-21,,,,69.22999999999999,,
2014-07-22,,,,69.19,,
2014-07-23,,,,70.47,,
2014-07-24,,,,75.625,,
2014-07-25,,,,75.166,,
2014-07-28,,,,74.675,,
2014-07-29,,,,74.17145,,
2014-07-30,,,,74.66,,
2014-07-31,,,,73.30250000000001,,
2014-08-01,,,,72.38499999999999,,
2014-08-04,,,,73.12,,
2014-08-05,,,,72.885,,
2014-08-06,,,,72.755,,
2014-08-07,,,,73.35,,
2014-08-08,,,,72.995,,
2014-08-11,,,,73.485,,
2014-08-12,,,,72.77505,,
2014-08-13,,,,73.65,,
2014-08-14,,,,74.035,,
2014-08-15,,,,73.825,,
2014-08-18,,,,74.34,,
2014-08-19,,,,75.175,,
2014-08-20,,,,74.9,,
2014-08-21,,,,74.80245,,
2014-08-22,,,,74.15,,
2014-08-25,,,,75.035,,
2014-08-26,,,,75.36,,
2014-08-27,,,,74.975,,
2014-08-28,,,,74.08000000000001,,
2014-08-29,,,,74.41499999999999,,
2014-09-02,,,,75.75999999999999,,
2014-09-03,,,,76.53999999999999,,
2014-09-04,,,,76.23,,
2014-09-05,,,,76.489,,
2014-09-08,,,,77.59,,
2014-09-09,,,,77.185,,
2014-09-10,,,,77.23,,
2014-09-11,,,,77.705,,
2014-09-12,,,,77.69999999999999,,
2014-09-15,,,,75.34,,
2014-09-16,,,,74.65,,
2014-09-17,,,,76.41,,
2014-09-18,,,,76.925,,
2014-09-19,,,,77.37,,
2014-09-22,,,,76.74000000000001,,
2014-09-23,,,,77.33500000000001,,
2014-09-24,,,,78.065,,
2014-09-25,,,,78.035,,
2014-09-26,,,,78.0858,,
2014-09-29,,,,78.55449999999999,,
2014-09-30,,,,79.15334999999999,,
2014-10-01,,,,77.36,,
2014-10-02,,,,76.56,,
2014-10-03,,,,77.66,,
2014-10-06,,,,77.37,,
2014-10-07,,,,77.095,,
2014-10-08,,,,76.405,,
2014-10-09,,,,76.80505,,
2014-10-10,,,,74.63,,
2014-10-13,,,,73.65,,
2014-10-14,,,,73.11500000000001,,
2014-10-15,,,,72.06,,
2014-10-16,,,,71.965,,
2014-10-17,,,,74.875,,
2014-10-20,,,,76.235,,
2014-10-21,,,,77.945,,
2014-10-22,,,,78.93,,
2014-10-23,,,,79.82,,
2014-10-24,,,,80.06915,,
2014-10-27,,,,80.28,,
2014-10-28,,,,80.365,,
2014-10-29,,,,75.83,,
2014-10-30,,,,74.125,,
2014-10-31,,,,75.075,,
2014-11-03,,,,74.61,,
2014-11-04,,,,74.71000000000001,,
2014-11-05,,,,75.61,,
2014-11-06,,,,74.955,,
2014-11-07,,,,75.4375,,
2014-11-10,,,,75.04495,,
2014-11-11,,,,74.505,,
2014-11-12,,,,74.34,,
2014-11-13,,,,74.44,,
2014-11-14,,,,74.48500000000001,,
2014-11-17,,,,74.7675,,
2014-11-18,,,,74.35,,
2014-11-19,,,,73.825,,
2014-11-20,,,,73.25,,
2014-11-21,,,,74.0,,
2014-11-24,,,,73.85,,
2014-11-25,,,,74.935,,
2014-11-26,,,,76.64500000000001,,
2014-11-28,,,,77.75,,
2014-12-01,,,,76.055,,
2014-12-02,,,,75.475,,
2014-12-03,,,,75.065,,
2014-12-04,,,,75.10499999999999,,
2014-12-05,,,,76.06,,
2014-12-08,,,,76.325,,
2014-12-09,,,,75.855,,
2014-12-10,,,,76.81,,
2014-12-11,,,,77.5,,
2014-12-12,,,,77.94999999999999,,
2014-12-15,,,,77.57,,
2014-12-16,,,,75.99000000000001,,
2014-12-17,,,,75.655,,
2014-12-18,,,,77.45500000000001,,
2014-12-19,,,,79.16499999999999,,
2014-12-22,,,,80.945,,
2014-12-23,,,,81.285,,
2014-12-24,,,,81.09,,
2014-12-26,,,,80.89500000000001,,
2014-12-29,,,,80.335,,
2014-12-30,,,,79.845,,
2014-12-31,,,,78.83,,
2015-01-02,,,,78.315,,
2015-01-05,,,,78.05275,,
2015-01-06,,,,76.47749999999999,,
2015-01-07,,,,76.59,,
2015-01-08,,,,77.155,,
2015-01-09,,,,77.91,,
2015-01-12,,,,77.10499999999999,,
2015-01-13,,,,76.965,,
2015-01-14,,,,76.61455000000001,,
2015-01-15,,,,75.055,,
2015-01-16,,,,74.58,,
2015-01-20,,,,75.565,,
2015-01-21,,,,76.57499999999999,,
2015-01-22,,,,77.215,,
2015-01-23,,,,77.61500000000001,,
2015-01-26,,,,77.88,,
2015-01-27,,,,76.255,,
2015-01-28,,,,76.819,,
2015-01-29,,,,76.115,,
2015-01-30,,,,76.955,,
2015-02-02,,,,74.945,,
2015-02-03,,,,74.72,,
2015-02-04,,,,75.68,,
2015-02-05,,,,75.595,,
2015-02-06,,,,74.975,,
2015-02-09,,,,74.14,,
2015-02-10,,,,74.92,,
2015-02-11,,,,75.89,,
2015-02-12,,,,76.38,,
2015-02-13,,,,75.99000000000001,,
2015-02-17,,,,75.995,,
2015-02-18,,,,76.17500000000001,,
2015-02-19,,,,78.39500000000001,,
2015-02-20,,,,79.77000000000001,,
2015-02-23,,,,79.285,,
2015-02-24,,,,78.78999999999999,,
2015-02-25,,,,79.35,,
2015-02-26,,,,80.545,,
2015-02-27,,,,79.92500000000001,,
2015-03-02,,,,79.1875,,
2015-03-03,,,,79.11,,
2015-03-04,,,,80.0,,
2015-03-05,,,,81.52,,
2015-03-06,,,,80.58,,
2015-03-09,,,,79.27,,
2015-03-10,,,,78.405,,
2015-03-11,,,,77.845,,
2015-03-12,,,,78.47999999999999,,
2015-03-13,,,,78.53,,
2015-03-16,,,,77.74000000000001,,
2015-03-17,,,,79.06,,
2015-03-18,,,,80.205,,
2015-03-19,,,,82.0,,
2015-03-20,,,,83.835,,
2015-03-23,,,,84.13,,
2015-03-24,,,,85.29495,,
2015-03-25,,,,84.22,,
2015-03-26,,,,82.955,,
2015-03-27,,,,83.41499999999999,,
2015-03-30,,,,83.375,,
2015-03-31,,,,82.85499999999999,,
2015-04-01,,,,81.795,,
2015-04-02,,,,82.0,,
2015-04-06,,,,81.805,,
2015-04-07,,,,82.82,,
2015-04-08,,,,82.47,,
2015-04-09,,,,82.255,,
2015-04-10,,,,82.25999999999999,,
2015-04-13,,,,82.93,,
2015-04-14,,,,83.065,,
2015-04-15,,,,82.965,,
2015-04-16,,,,82.61,,
2015-04-17,,,,81.24000000000001,,
2015-04-20,,,,82.195,,
2015-04-21,,,,84.015,,
2015-04-22,,,,84.195,,
2015-04-23,,,,84.0,,
2015-04-24,,,,82.21000000000001,,
2015-04-27,,,,82.28,,
2015-04-28,,,,81.065,,
2015-04-29,,,,80.455,,
2015-04-30,,,,79.63999999999999,,
2015-05-01,,,,78.935,,
2015-05-04,,,,79.16005,,
2015-05-05,,,,78.00999999999999,,
2015-05-06,,,,77.93,,
2015-05-07,,,,78.25,,
2015-05-08,,,,78.63,,
2015-05-11,,,,78.48,,
2015-05-12,,,,77.34,,
2015-05-13,,,,78.09,,
2015-05-14,,,,80.2575,,
2015-05-15,,,,80.85,,
2015-05-18,,,,80.805,,
2015-05-19,,,,81.12,,
2015-05-20,,,,80.28,,
2015-05-21,,,,80.5,,
2015-05-22,,,,80.78,,
2015-05-26,,,,79.84,,
2015-05-27,,,,80.045,,
2015-05-28,,,,80.53725,,
2015-05-29,,,,79.475,,
2015-06-01,,,,79.52,,
2015-06-02,,,,80.455,,
2015-06-03,,,,81.89,,
2015-06-04,,,,82.23,,
2015-06-05,,,,81.985,,
2015-06-08,,,,81.065,,
2015-06-09,,,,80.255,,
2015-06-10,,,,81.705,,
2015-06-11,,,,82.13,,
2015-06-12,,,,81.64500000000001,,
2015-06-15,,,,80.5,,
2015-06-16,,,,80.98,,
2015-06-17,,,,81.78,,
2015-06-18,,,,82.38,,
2015-06-19,,,,82.55000000000001,,
2015-06-22,,,,84.14,,
2015-06-23,,,,86.36500000000001,,
2015-06-24,,,,88.35,,
2015-06-25,,,,88.6175,,
2015-06-26,,,,87.58415,,
2015-06-29,,,,86.61500000000001,,
2015-06-30,,,,86.13499999999999,,
2015-07-01,,,,87.22,,
2015-07-02,,,,86.89005,,
2015-07-06,,,,87.2873,,
2015-07-07,,,,86.54050000000001,,
2015-07-08,,,,86.0975,,
2015-07-09,,,,86.62495,,
2015-07-10,,,,87.495,,
2015-07-13,,,,89.32,,
2015-07-14,,,,90.225,,
2015-07-15,,,,90.205,,
2015-07-16,,,,90.315,,
2015-07-17,,,,93.965,,
2015-07-20,,,,96.97999999999999,,
2015-07-21,,,,98.19135,,
2015-07-22,,,,96.75,,
2015-07-23,,,,96.13,,
2015-07-24,,,,96.82,,
2015-07-27,,,,95.22005,,
2015-07-28,,,,94.435,,
2015-07-29,,,,96.00999999999999,,
2015-07-30,,,,93.805,,
2015-07-31,,,,95.14,,
2015-08-03,,,,93.94,,
2015-08-04,,,,94.03,,
2015-08-05,,,,96.135,,
2015-08-06,,,,96.58,,
2015-08-07,,,,94.505,,
2015-08-10,,,,94.765,,
2015-08-11,,,,93.8303,,
2015-08-12,,,,92.815,,
2015-08-13,,,,94.03999999999999,,
2015-08-14,,,,93.965,,
2015-08-17,,,,93.925,,
2015-08-18,,,,94.945,,
2015-08-19,,,,95.1305,,
2015-08-20,,,,92.615,,
2015-08-21,,,,87.39500000000001,,
2015-08-24,,,,79.57,,
2015-08-25,,,,85.33500000000001,,
2015-08-26,,,,85.36,,
2015-08-27,,,,88.625,,
2015-08-28,,,,90.636,,
2015-08-31,,,,89.97,,
2015-09-01,,,,87.945,,
2015-09-02,,,,88.75999999999999,,
2015-09-03,,,,88.775,,
2015-09-04,,,,87.545,,
2015-09-08,,,,89.535,,
2015-09-09,,,,91.075,,
2015-09-10,,,,90.845,,
2015-09-11,,,,91.60499999999999,,
2015-09-14,,,,92.11,,
2015-09-15,,,,92.52000000000001,,
2015-09-16,,,,93.115,,
2015-09-17,,,,94.20500000000001,,
2015-09-18,,,,94.12,,
2015-09-21,,,,95.505,,
2015-09-22,,,,93.30000000000001,,
2015-09-23,,,,93.56,,
2015-09-24,,,,93.5025,,
2015-09-25,,,,93.955,,
2015-09-28,,,,90.23500000000001,,
2015-09-29,,,,87.89,,
2015-09-30,,,,89.015,,
2015-10-01,,,,89.655,,
2015-10-02,,,,90.285,,
2015-10-05,,,,93.465,,
2015-10-06,,,,93.255,,
2015-10-07,,,,92.515,,
2015-10-08,,,,91.845,,
2015-10-09,,,,92.98949999999999,,
2015-10-12,,,,93.63499999999999,,
2015-10-13,,,,94.46000000000001,,
2015-10-14,,,,94.405,,
2015-10-15,,,,95.6,,
2015-10-16,,,,96.47,,
2015-10-19,,,,97.745,,
2015-10-20,,,,98.075,,
2015-10-21,,,,97.325,,
2015-10-22,,,,98.64,,
2015-10-23,,,,101.505,,
2015-10-26,,,,102.68,,
2015-10-27,,,,103.25,,
2015-10-28,,,,103.7,,
2015-10-29,,,,104.32,,
2015-10-30,,,,103.185,,
2015-11-02,,,,102.325,,
2015-11-03,,,,103.025,,
2015-11-04,,,,103.31,,
2015-11-05,,,,109.30000000000001,,
2015-11-06,,,,107.32499999999999,,
2015-11-09,,,,107.055,,
2015-11-10,,,,106.695,,
2015-11-11,,,,108.49000000000001,,
2015-11-12,,,,108.695,,
2015-11-13,,,,106.03999999999999,,
2015-11-16,,,,102.32,,
2015-11-17,,,,105.17,,
2015-11-18,,,,106.63499999999999,,
2015-11-19,,,,106.84,,
2015-11-20,,,,107.245,,
2015-11-23,,,,106.774,,
2015-11-24,,,,105.44,,
2015-11-25,,,,105.85,,
2015-11-27,,,,105.41,,
2015-11-30,,,,104.92495,,
2015-12-01,,,,105.825,,
2015-12-02,,,,106.855,,
2015-12-03,,,,105.1,,
2015-12-04,,,,105.92,,
2015-12-07,,,,105.745,,
2015-12-08,,,,105.43,,
2015-12-09,,,,104.995,,
2015-12-10,,,,105.405,,
2015-12-11,,,,103.125,,
2015-12-14,,,,103.1,,
2015-12-15,,,,105.03999999999999,,
2015-12-16,,,,105.64,,
2015-12-17,,,,106.94,,
2015-12-18,,,,105.28,,
2015-12-21,,,,104.375,,
2015-12-22,,,,105.23505,,
2015-12-23,,,,104.985,,
2015-12-24,,,,104.91,,
2015-12-28,,,,105.255,,
2015-12-29,,,,106.995,,
2015-12-30,,,,106.655,,
2015-12-31,,,,105.39500000000001,,
2016-01-04,,,,100.995,,
2016-01-05,,,,102.68745000000001,,
2016-01-06,,,,102.33500000000001,,
2016-01-07,,,,99.36500000000001,,
2016-01-08,,,,98.76554999999999,,
2016-01-11,,,,96.995,,
2016-01-12,,,,98.755,,
2016-01-13,,,,97.895,,
2016-01-14,,,,95.66,,
2016-01-15,,,,94.96000000000001,,
2016-01-19,,,,95.67,,
2016-01-20,,,,92.185,,
2016-01-21,,,,94.305,,
2016-01-22,,,,96.78,,
2016-01-25,,,,98.20500000000001,,
2016-01-26,,,,96.77,,
2016-01-27,,,,96.03999999999999,,
2016-01-28,,,,107.575,,
2016-01-29,,,,110.84,,
2016-02-01,,,,113.86500000000001,,
2016-02-02,,,,115.39500000000001,,
2016-02-03,,,,112.54535,,
2016-02-04,,,,110.595,,
2016-02-05,,,,106.38,,
2016-02-08,,,,100.07,,
2016-02-09,,,,99.61,,
2016-02-10,,,,101.745,,
2016-02-11,,,,101.995,,
2016-02-12,,,,102.66499999999999,,
2016-02-16,,,,102.08500000000001,,
2016-02-17,,,,103.06,,
2016-02-18,,,,104.515,,
2016-02-19,,,,103.53999999999999,,
2016-02-22,,,,106.795,,
2016-02-23,,,,106.295,,
2016-02-24,,,,104.845,,
2016-02-25,,,,106.84,,
2016-02-26,,,,108.305,,
2016-02-29,,,,107.83005,,
2016-03-01,,,,108.71,,
2016-03-02,,,,109.66,,
2016-03-03,,,,109.42,,
2016-03-04,,,,108.99000000000001,,
2016-03-07,,,,106.395,,
2016-03-08,,,,105.885,,
2016-03-09,,,,106.5,,
2016-03-10,,,,107.21495,,
2016-03-11,,,,108.67,,
2016-03-14,,,,109.55,,
2016-03-15,,,,109.83500000000001,,
2016-03-16,,,,111.3,,
2016-03-17,,,,111.71000000000001,,
2016-03-18,,,,111.345,,
2016-03-21,,,,111.7,,
2016-03-22,,,,112.025,,
2016-03-23,,,,112.595,,
2016-03-24,,,,112.385,,
2016-03-28,,,,113.76945,,
2016-03-29,,,,114.97999999999999,,
2016-03-30,,,,115.6725,,
2016-03-31,,,,114.3891,,
2016-04-01,,,,114.75999999999999,,
2016-04-04,,,,113.08,,
2016-04-05,,,,112.61,,
2016-04-06,,,,113.11500000000001,,
2016-04-07,,,,113.97815,,
2016-04-08,,,,112.11500000000001,,
2016-04-11,,,,109.84,,
2016-04-12,,,,110.07724999999999,,
2016-04-13,,,,109.58500000000001,,
2016-04-14,,,,111.15,,
2016-04-15,,,,110.08500000000001,,
2016-04-18,,,,110.005,,
2016-04-19,,,,110.805,,
2016-04-20,,,,112.41499999999999,,
2016-04-21,,,,113.17500000000001,,
2016-04-22,,,,110.38,,
2016-04-25,,,,109.87,,
2016-04-26,,,,109.325,,
2016-04-27,,,,107.625,,
2016-04-28,,,,118.51,,
2016-04-29,,,,116.84,,
2016-05-02,,,,117.65,,
2016-05-03,,,,117.59,,
2016-05-04,,,,117.435,,
2016-05-05,,,,118.11500000000001,,
2016-05-06,,,,118.37485000000001,,
2016-05-09,,,,119.59,,
2016-05-10,,,,119.75,,
2016-05-11,,,,120.25,,
2016-05-12,,,,119.87,,
2016-05-13,,,,120.16,,
2016-05-16,,,,118.47999999999999,,
2016-05-17,,,,118.105,,
2016-05-18,,,,117.5,,
2016-05-19,,,,116.685,,
2016-05-20,,,,117.47,,
2016-05-23,,,,116.77,,
2016-05-24,,,,116.92500000000001,,
2016-05-25,,,,118.02250000000001,,
2016-05-26,,,,118.84004999999999,,
2016-05-27,,,,119.43,,
2016-05-31,,,,119.1105,,
2016-06-01,,,,118.44999999999999,,
2016-06-02,,,,118.83,,
2016-06-03,,,,118.42,,
2016-06-06,,,,118.89500000000001,,
2016-06-07,,,,118.485,,
2016-06-08,,,,117.935,,
2016-06-09,,,,118.195,,
2016-06-10,,,,117.185,,
2016-06-13,,,,114.39500000000001,,
2016-06-14,,,,114.265,,
2016-06-15,,,,114.755,,
2016-06-16,,,,113.72,,
2016-06-17,,,,113.495,,
2016-06-20,,,,113.735,,
2016-06-21,,,,114.5921,,
2016-06-22,,,,114.175,,
2016-06-23,,,,114.315,,
2016-06-24,,,,112.34,,
2016-06-27,,,,109.9,,
2016-06-28,,,,111.65,,
2016-06-29,,,,113.64500000000001,,
2016-06-30,,,,114.42500000000001,,
2016-07-01,,,,114.47,,
2016-07-05,,,,113.53999999999999,,
2016-07-06,,,,114.88,,
2016-07-07,,,,116.16499999999999,,
2016-07-08,,,,116.675,,
2016-07-11,,,,118.1,,
2016-07-12,,,,118.145,,
2016-07-13,,,,117.54,,
2016-07-14,,,,117.17,,
2016-07-15,,,,117.43,,
2016-07-18,,,,118.25,,
2016-07-19,,,,119.755,,
2016-07-20,,,,121.38,,
2016-07-21,,,,121.175,,
2016-07-22,,,,120.16,,
2016-07-25,,,,119.815,,
2016-07-26,,,,121.41,,
2016-07-27,,,,123.255,,
2016-07-28,,,,125.98,,
2016-07-29,,,,124.775,,
2016-08-01,,,,123.72,,
2016-08-02,,,,123.435,,
2016-08-03,,,,123.11500000000001,,
2016-08-04,,,,123.65,,
2016-08-05,,,,125.2267,,
2016-08-08,,,,125.0,,
2016-08-09,,,,125.31,,
2016-08-10,,,,125.01,,
2016-08-11,,,,125.065,,
2016-08-12,,,,124.59,,
2016-08-15,,,,124.31,,
2016-08-16,,,,123.35,,
2016-08-17,,,,123.615,,
2016-08-18,,,,123.95,,
2016-08-19,,,,123.7185,,
2016-08-22,,,,123.97,,
2016-08-23,,,,124.67,,
2016-08-24,,,,123.89,,
2016-08-25,,,,123.735,,
2016-08-26,,,,124.55,,
2016-08-29,,,,125.53999999999999,,
2016-08-30,,,,125.875,,
2016-08-31,,,,125.66,,
2016-09-01,,,,126.115,,
2016-09-02,,,,126.43,,
2016-09-06,,,,128.20499999999998,,
2016-09-07,,,,130.96499999999997,,
2016-09-08,,,,130.445,,
2016-09-09,,,,128.5245,,
2016-09-12,,,,127.255,,
2016-09-13,,,,127.505,,
2016-09-14,,,,127.845,,
2016-09-15,,,,128.385,,
2016-09-16,,,,128.69,,
2016-09-19,,,,129.1,,
2016-09-20,,,,128.60035,,
2016-09-21,,,,129.1975,,
2016-09-22,,,,130.14499999999998,,
2016-09-23,,,,127.94999999999999,,
2016-09-26,,,,127.47999999999999,,
2016-09-27,,,,128.22,,
2016-09-28,,,,128.935,,
2016-09-29,,,,128.42,,
2016-09-30,,,,128.02,,
2016-10-03,,,,128.445,,
2016-10-04,,,,128.4132,,
2016-10-05,,,,128.315,,
2016-10-06,,,,128.57,,
2016-10-07,,,,128.79000000000002,,
2016-10-10,,,,129.95,,
2016-10-11,,,,129.435,,
2016-10-12,,,,129.06,,
2016-10-13,,,,127.5,,
2016-10-14,,,,128.265,,
2016-10-17,,,,127.895,,
2016-10-18,,,,128.7,,
2016-10-19,,,,129.535,,
2016-10-20,,,,130.07999999999998,,
2016-10-21,,,,130.915,,
2016-10-24,,,,132.7775,,
2016-10-25,,,,132.86,,
2016-10-26,,,,131.5975,,
2016-10-27,,,,130.53500000000003,,
2016-10-28,,,,131.45,,
2016-10-31,,,,131.50175000000002,,
2016-11-01,,,,130.29500000000002,,
2016-11-02,,,,128.255,,
2016-11-03,,,,121.39,,
2016-11-04,,,,120.59,,
2016-11-07,,,,122.27945,,
2016-11-08,,,,123.075,,
2016-11-09,,,,122.16,,
2016-11-10,,,,119.725,,
2016-11-11,,,,119.42500000000001,,
2016-11-14,,,,116.33955,,
2016-11-15,,,,117.16,,
2016-11-16,,,,116.04499999999999,,
2016-11-17,,,,116.9,,
2016-11-18,,,,117.985,,
2016-11-21,,,,119.875,,
2016-11-22,,,,121.94,,
2016-11-23,,,,120.625,,
2016-11-25,,,,120.60499999999999,,
2016-11-28,,,,120.755,,
2016-11-29,,,,121.25,,
2016-11-30,,,,119.87,,
2016-12-01,,,,116.225,,
2016-12-02,,,,115.39,,
2016-12-05,,,,116.32,,
2016-12-06,,,,117.0625,,
2016-12-07,,,,117.25999999999999,,
2016-12-08,,,,118.57,,
2016-12-09,,,,119.445,,
2016-12-12,,,,118.445,,
2016-12-13,,,,119.565,,
2016-12-14,,,,120.27,,
2016-12-15,,,,121.065,,
2016-12-16,,,,120.38499999999999,,
2016-12-19,,,,119.435,,
2016-12-20,,,,119.285,,
2016-12-21,,,,118.84,,
2016-12-22,,,,117.96000000000001,,
2016-12-23,,,,116.93,,
2016-12-27,,,,117.77199999999999,,
2016-12-28,,,,117.45,,
2016-12-29,,,,116.7955,,
2016-12-30,,,,115.80195,,
2017-01-03,,,,116.67500000000001,,
2017-01-04,,,,118.475,,
2017-01-05,,,,119.63544999999999,,
2017-01-06,,,,121.955,,
2017-01-09,,,,124.23500000000001,,
2017-01-10,,,,124.89,,
2017-01-11,,,,125.09,,
2017-01-12,,,,125.765,,
2017-01-13,,,,128.32,,
2017-01-17,,,,127.87,,
2017-01-18,,,,127.635,,
2017-01-19,,,,127.9,,
2017-01-20,,,,127.63,,
2017-01-23,,,,128.1,,
2017-01-24,,,,129.14,,
2017-01-25,,,,130.755,,
2017-01-26,,,,132.29005,,
2017-01-27,,,,132.015,,
2017-01-30,,,,130.59,,
2017-01-31,,,,130.08785,,
2017-02-01,,,,132.085,,
2017-02-02,,,,132.945,,
2017-02-03,,,,131.805,,
2017-02-06,,,,131.18,,
2017-02-07,,,,132.3305,,
2017-02-08,,,,133.44,,
2017-02-09,,,,133.905,,
2017-02-10,,,,134.31,,
2017-02-13,,,,134.19875,,
2017-02-14,,,,133.39,,
2017-02-15,,,,133.18,,
2017-02-16,,,,133.44600000000003,,
2017-02-17,,,,133.6306,,
2017-02-21,,,,133.405,,
2017-02-22,,,,135.125,,
2017-02-23,,,,135.22500000000002,,
2017-02-24,,,,134.89,,
2017-02-27,,,,136.1023,,
2017-02-28,,,,135.7775,,
2017-03-01,,,,136.89,,
2017-03-02,,,,137.065,,
2017-03-03,,,,136.705,,
2017-03-06,,,,137.17000000000002,,
2017-03-07,,,,137.68,,
2017-03-08,,,,137.5208,,
2017-03-09,,,,137.985,,
2017-03-10,,,,138.85500000000002,,
2017-03-13,,,,139.17645,,
2017-03-14,,,,138.99,,
2017-03-15,,,,139.29500000000002,,
2017-03-16,,,,139.99,,
2017-03-17,,,,140.01999999999998,,
2017-03-20,,,,139.72,,
2017-03-21,,,,140.35410000000002,,
2017-03-22,,,,138.695,,
2017-03-23,,,,139.74,,
2017-03-24,,,,140.3922,,
2017-03-27,,,,139.71,,
2017-03-28,,,,140.98,,
2017-03-29,,,,142.145,,
2017-03-30,,,,142.39999999999998,,
2017-03-31,,,,142.26,,
2017-04-03,,,,141.64499999999998,,
2017-04-04,,,,141.68,,
2017-04-05,,,,142.365,,
2017-04-06,,,,141.565,,
2017-04-07,,,,140.895,,
2017-04-10,,,,141.03,,
2017-04-11,,,,139.91995,,
2017-04-12,,,,139.92000000000002,,
2017-04-13,,,,139.955,,
2017-04-17,,,,140.65,,
2017-04-18,,,,141.2575,,
2017-04-19,,,,142.155,,
2017-04-20,,,,143.46949999999998,,
2017-04-21,,,,143.22,,
2017-04-24,,,,145.0069,,
2017-04-25,,,,146.4699,,
2017-04-26,,,,146.84,,
2017-04-27,,,,146.945,,
2017-04-28,,,,150.3,,
2017-05-01,,,,151.995,,
2017-05-02,,,,152.55,,
2017-05-03,,,,152.47,,
2017-05-04,,,,150.12,,
2017-05-05,,,,150.70999999999998,,
2017-05-08,,,,150.41000000000003,,
2017-05-09,,,,151.4,,
2017-05-10,,,,149.69,,
2017-05-11,,,,150.03,,
2017-05-12,,,,150.04500000000002,,
2017-05-15,,,,150.625,,
2017-05-16,,,,149.62,,
2017-05-17,,,,146.54579999999999,,
2017-05-18,,,,146.32999999999998,,
2017-05-19,,,,148.675,,
2017-05-22,,,,148.14,,
2017-05-23,,,,148.03,,
2017-05-24,,,,149.325,,
2017-05-25,,,,151.26999999999998,,
2017-05-26,,,,151.7,,
2017-05-30,,,,152.26999999999998,,
2017-05-31,,,,152.22,,
2017-06-01,,,,151.29500000000002,,
2017-06-02,,,,152.465,,
2017-06-05,,,,154.05939999999998,,
2017-06-06,,,,153.5,,
2017-06-07,,,,153.04500000000002,,
2017-06-08,,,,153.915,,
2017-06-09,,,,151.10000000000002,,
2017-06-12,,,,146.8775,,
2017-06-13,,,,150.04000000000002,,
2017-06-14,,,,150.72500000000002,,
2017-06-15,,,,148.20565,,
2017-06-16,,,,149.715,,
2017-06-19,,,,152.64,,
2017-06-20,,,,153.025,,
2017-06-21,,,,152.98000000000002,,
2017-06-22,,,,153.73000000000002,,
2017-06-23,,,,153.925,,
2017-06-26,,,,154.8477,,
2017-06-27,,,,151.85,,
2017-06-28,,,,151.66500000000002,,
2017-06-29,,,,150.70875,,
2017-06-30,,,,150.99,,
2017-07-03,,,,149.97500000000002,,
2017-07-05,,,,149.49,,
2017-07-06,,,,149.01999999999998,,
2017-07-07,,,,150.59,,
2017-07-10,,,,152.745,,
2017-07-11,,,,154.16625,,
2017-07-12,,,,157.68,,
2017-07-13,,,,159.10135,,
2017-07-14,,,,159.8227,,
2017-07-17,,,,159.79500000000002,,
2017-07-18,,,,161.575,,
2017-07-19,,,,164.435,,
2017-07-20,,,,163.905,,
2017-07-21,,,,164.4,,
2017-07-24,,,,165.24,,
2017-07-25,,,,164.70094999999998,,
2017-07-26,,,,165.055,,
2017-07-27,,,,171.495,,
2017-07-28,,,,171.24,,
2017-07-31,,,,170.635,,
2017-08-01,,,,169.76,,
2017-08-02,,,,168.73000000000002,,
2017-08-03,,,,168.975,,
2017-08-04,,,,169.375,,
2017-08-07,,,,170.86,,
2017-08-08,,,,171.835,,
2017-08-09,,,,170.505,,
2017-08-10,,,,168.72,,
2017-08-11,,,,167.83499999999998,,
2017-08-14,,,,170.185,,
2017-08-15,,,,170.755,,
2017-08-16,,,,170.31,,
2017-08-17,,,,168.35500000000002,,
2017-08-18,,,,167.44,,
2017-08-21,,,,166.91,,
2017-08-22,,,,168.51,,
2017-08-23,,,,168.78,,
2017-08-24,,,,167.85,,
2017-08-25,,,,167.28,,
2017-08-28,,,,167.015,,
2017-08-29,,,,166.7125,,
2017-08-30,,,,168.905,,
2017-08-31,,,,171.10250000000002,,
2017-09-01,,,,172.1125,,
2017-09-05,,,,170.96875,,
2017-09-06,,,,171.02499999999998,,
2017-09-07,,,,171.78835,,
2017-09-08,,,,172.145,,
2017-09-11,,,,173.045,,
2017-09-12,,,,172.875,,
2017-09-13,,,,172.615,,
2017-09-14,,,,171.39,,
2017-09-15,,,,171.3,,
2017-09-18,,,,170.70499999999998,,
2017-09-19,,,,171.46,,
2017-09-20,,,,171.875,,
2017-09-21,,,,171.14,,
2017-09-22,,,,170.475,,
2017-09-25,,,,165.43,,
2017-09-26,,,,164.14,,
2017-09-27,,,,166.95499999999998,,
2017-09-28,,,,168.1148,,
2017-09-29,,,,170.235,,
2017-10-02,,,,170.31,,
2017-10-03,,,,169.96499999999997,,
2017-10-04,,,,169.48,,
2017-10-05,,,,169.95499999999998,,
2017-10-06,,,,171.06,,
2017-10-09,,,,173.44,,
2017-10-10,,,,172.0,,
2017-10-11,,,,172.09,,
2017-10-12,,,,173.07,,
2017-10-13,,,,173.925,,
2017-10-16,,,,174.53,,
2017-10-17,,,,175.245,,
2017-10-18,,,,176.245,,
2017-10-19,,,,174.32999999999998,,
2017-10-20,,,,175.255,,
2017-10-23,,,,173.29500000000002,,
2017-10-24,,,,172.37,,
2017-10-25,,,,170.57,,
2017-10-26,,,,171.33749999999998,,
2017-10-27,,,,176.055,,
2017-10-30,,,,179.15,,
2017-10-31,,,,179.87,,
2017-11-01,,,,181.735,,
2017-11-02,,,,179.64,,
2017-11-03,,,,178.28500000000003,,
2017-11-06,,,,179.38,,
2017-11-07,,,,179.8539,,
2017-11-08,,,,179.73000000000002,,
2017-11-09,,,,178.245,,
2017-11-10,,,,178.52994999999999,,
2017-11-13,,,,178.17000000000002,,
2017-11-14,,,,178.075,,
2017-11-15,,,,177.485,,
2017-11-16,,,,179.16500000000002,,
2017-11-17,,,,179.44,,
2017-11-20,,,,178.8,,
2017-11-21,,,,180.44,,
2017-11-22,,,,181.08499999999998,,
2017-11-24,,,,181.72,,
2017-11-27,,,,182.86,,
2017-11-28,,,,183.17000000000002,,
2017-11-29,,,,177.985,,
2017-11-30,,,,176.7375,,
2017-12-01,,,,174.91,,
2017-12-04,,,,173.68,,
2017-12-05,,,,172.195,,
2017-12-06,,,,174.335,,
2017-12-07,,,,178.095,,
2017-12-08,,,,180.51005,,
2017-12-11,,,,179.51,,
2017-12-12,,,,177.89,,
2017-12-13,,,,178.20499999999998,,
2017-12-14,,,,179.02005,,
2017-12-15,,,,179.4267,,
2017-12-18,,,,180.525,,
2017-12-19,,,,179.15,,
2017-12-20,,,,178.585,,
2017-12-21,,,,177.865,,
2017-12-22,,,,176.88,,
2017-12-26,,,,175.83499999999998,,
2017-12-27,,,,177.35,,
2017-12-28,,,,178.30835000000002,,
2017-12-29,,,,177.655,,
2018-01-02,,,,179.565,,
2018-01-03,,,,183.055,,
2018-01-04,,,,185.15480000000002,,
2018-01-05,,,,185.91500000000002,,
2018-01-08,,,,187.615,,
2018-01-09,,,,187.95,,
2018-01-10,,,,186.76,,
2018-01-11,,,,187.89,,
2018-01-12,,,,179.44,,
2018-01-16,,,,179.89499999999998,,
2018-01-17,,,,177.56,,
2018-01-18,,,,179.03,,
2018-01-19,,,,181.2701,,
2018-01-22,,,,182.89999999999998,,
2018-01-23,,,,187.55,,
2018-01-24,,,,188.59,,
2018-01-25,,,,187.61,,
2018-01-26,,,,188.405,,
2018-01-29,,,,187.23505,,
2018-01-30,,,,185.01,,
2018-01-31,,,,187.525,,
2018-02-01,,,,191.605,,
2018-02-02,,,,192.095,,
2018-02-05,,,,185.61,,
2018-02-06,,,,181.755,,
2018-02-07,,,,182.51585,,
2018-02-08,,,,176.66075,,
2018-02-09,,,,172.04000000000002,,
2018-02-12,,,,174.6925,,
2018-02-13,,,,174.535,,
2018-02-14,,,,176.51095,,
2018-02-15,,,,178.67000000000002,,
2018-02-16,,,,178.09,,
2018-02-20,,,,176.53,,
2018-02-21,,,,178.835,,
2018-02-22,,,,178.81,,
2018-02-23,,,,181.45,,
2018-02-26,,,,184.4414,,
2018-02-27,,,,183.07999999999998,,
2018-02-28,,,,180.51,,
2018-03-01,,,,177.265,,
2018-03-02,,,,175.05,,
2018-03-05,,,,178.51875,,
2018-03-06,,,,180.745,,
2018-03-07,,,,180.945,,
2018-03-08,,,,182.925,,
2018-03-09,,,,184.36,,
2018-03-12,,,,185.16,,
2018-03-13,,,,183.55,,
2018-03-14,,,,183.05,,
2018-03-15,,,,183.095,,
2018-03-16,,,,184.37,,
2018-03-19,,,,173.615,,
2018-03-20,,,,166.075,,
2018-03-21,,,,168.35000000000002,,
2018-03-22,,,,166.995,,
2018-03-23,,,,163.06,,
2018-03-26,,,,155.06,,
2018-03-27,,,,156.8,,
2018-03-28,,,,153.34,,
2018-03-29,,,,157.77999999999997,,
2018-04-02,,,,156.6555,,
2018-04-03,,,,154.1,,
2018-04-04,,,,153.035,,
2018-04-05,,,,159.1125,,
2018-04-06,,,,159.115,,
2018-04-09,,,,158.285,,
2018-04-10,,,,161.495,,
2018-04-11,,,,165.95,,
2018-04-12,,,,165.27499999999998,,
2018-04-13,,,,164.73680000000002,,
2018-04-16,,,,164.58499999999998,,
2018-04-17,,,,167.32999999999998,,
2018-04-18,,,,166.945,,
2018-04-19,,,,166.765,,
2018-04-20,,,,167.12,,
2018-04-23,,,,166.76999999999998,,
2018-04-24,,,,162.14499999999998,,
2018-04-25,,,,158.625,,
2018-04-26,,,,173.53500000000003,,
2018-04-27,,,,174.85,,
2018-04-30,,,,173.715,,
2018-05-01,,,,172.125,,
2018-05-02,,,,176.14,,
2018-05-03,,,,174.12,,
2018-05-04,,,,175.01999999999998,,
2018-05-07,,,,178.33499999999998,,
2018-05-08,,,,178.075,,
2018-05-09,,,,180.89535,,
2018-05-10,,,,184.31459999999998,,
2018-05-11,,,,186.25,,
2018-05-14,,,,187.03,,
2018-05-15,,,,184.245,,
2018-05-16,,,,183.49,,
2018-05-17,,,,183.14,,
2018-05-18,,,,183.4,,
2018-05-21,,,,184.215,,
2018-05-22,,,,184.425,,
2018-05-23,,,,184.54500000000002,,
2018-05-24,,,,185.91500000000002,,
2018-05-25,,,,185.39,,
2018-05-29,,,,185.26,,
2018-05-30,,,,186.625,,
2018-05-31,,,,190.1,,
2018-06-01,,,,193.3096,,
2018-06-04,,,,192.725,,
2018-06-05,,,,193.81,,
2018-06-06,,,,190.82,,
2018-06-07,,,,188.87,,
2018-06-08,,,,187.9527,,
2018-06-11,,,,190.7,,
2018-06-12,,,,192.42000000000002,,
2018-06-13,,,,193.20499999999998,,
2018-06-14,,,,195.095,,
2018-06-15,,,,195.855,,
2018-06-18,,,,196.85500000000002,,
2018-06-19,,,,195.875,,
2018-06-20,,,,201.1775,,
2018-06-21,,,,201.74,,
2018-06-22,,,,200.775,,
2018-06-25,,,,196.555,,
2018-06-26,,,,197.665,,
2018-06-27,,,,198.275,,
2018-06-28,,,,195.3,,
2018-06-29,,,,195.77735,,
2018-07-02,,,,194.83499999999998,,
2018-07-03,,,,193.96,,
2018-07-05,,,,196.34,,
2018-07-06,,,,200.67,,
2018-07-09,,,,203.96005000000002,,
2018-07-10,,,,203.58499999999998,,
2018-07-11,,,,203.125,,
2018-07-12,,,,205.135,,
2018-07-13,,,,207.44,,
2018-07-16,,,,207.78,,
2018-07-17,,,,207.65,,
2018-07-18,,,,209.715,,
2018-07-19,,,,208.875,,
2018-07-20,,,,210.0,,
2018-07-23,,,,210.21,,
2018-07-24,,,,214.39999999999998,,
2018-07-25,,,,216.445,,
2018-07-26,,,,176.94,,
2018-07-27,,,,176.465,,
2018-07-30,,,,170.93,,
2018-07-31,,,,172.12,,
2018-08-01,,,,172.99,,
2018-08-02,,,,173.53,,
2018-08-03,,,,177.5,,
2018-08-06,,,,182.08499999999998,,
2018-08-07,,,,186.01,,
2018-08-08,,,,185.305,,
2018-08-09,,,,184.52499999999998,,
2018-08-10,,,,180.76,,
2018-08-13,,,,180.755,,
2018-08-14,,,,180.305,,
2018-08-15,,,,177.825,,
2018-08-16,,,,177.255,,
2018-08-17,,,,174.13,,
2018-08-20,,,,172.74,,
2018-08-21,,,,172.77999999999997,,
2018-08-22,,,,173.185,,
2018-08-23,,,,174.19,,
2018-08-24,,,,173.87,,
2018-08-27,,,,177.23,,
2018-08-28,,,,177.03495,,
2018-08-29,,,,175.76999999999998,,
2018-08-30,,,,177.74505,,
2018-08-31,,,,176.30075,,
2018-09-04,,,,171.345,,
2018-09-05,,,,168.89749999999998,,
2018-09-06,,,,163.49,,
2018-09-07,,,,162.39345,,
2018-09-10,,,,163.58499999999998,,
2018-09-11,,,,165.45499999999998,,
2018-09-12,,,,163.145,,
2018-09-13,,,,162.09,,
2018-09-14,,,,161.59,,
2018-09-17,,,,160.91500000000002,,
2018-09-18,,,,160.31475,,
2018-09-19,,,,161.45999999999998,,
2018-09-20,,,,165.4611,,
2018-09-21,,,,165.03,,
2018-09-24,,,,163.29,,
2018-09-25,,,,163.37,,
2018-09-26,,,,166.755,,
2018-09-27,,,,169.49,,
2018-09-28,,,,165.675,,
2018-10-01,,,,163.57,,
2018-10-02,,,,160.475,,
2018-10-03,,,,161.595,,
2018-10-04,,,,159.405,,
2018-10-05,,,,158.55,,
2018-10-08,,,,156.365,,
2018-10-09,,,,159.005,,
2018-10-10,,,,154.5,,
2018-10-11,,,,151.985,,
2018-10-12,,,,154.0949,,
2018-10-15,,,,154.06,,
2018-10-16,,,,157.235,,
2018-10-17,,,,159.22,,
2018-10-18,,,,155.97,,
2018-10-19,,,,155.45,,
2018-10-22,,,,155.9,,
2018-10-23,,,,152.81,,
2018-10-24,,,,150.125,,
2018-10-25,,,,149.60500000000002,,
2018-10-26,,,,146.4,,
2018-10-29,,,,143.93,,
2018-10-30,,,,143.19095,,
2018-10-31,,,,152.68,,
2018-11-01,,,,151.05,,
2018-11-02,,,,151.54500000000002,,
2018-11-05,,,,148.815,,
2018-11-06,,,,149.485,,
2018-11-07,,,,151.42000000000002,,
2018-11-08,,,,148.84,,
2018-11-09,,,,145.915,,
2018-11-12,,,,142.76495,,
2018-11-13,,,,143.25,,
2018-11-14,,,,143.565,,
2018-11-15,,,,142.835,,
2018-11-16,,,,139.77,,
2018-11-19,,,,134.48000000000002,,
2018-11-20,,,,130.50459999999998,,
2018-11-21,,,,135.66,,
2018-11-23,,,,132.87754999999999,,
2018-11-26,,,,134.89,,
2018-11-27,,,,135.16129999999998,,
2018-11-28,,,,134.31995,,
2018-11-29,,,,137.825,,
2018-11-30,,,,139.163,,
2018-12-03,,,,142.21994999999998,,
2018-12-04,,,,140.27499999999998,,
2018-12-06,,,,136.685,,
2018-12-07,,,,138.76330000000002,,
2018-12-10,,,,141.03,,
2018-12-11,,,,142.49,,
2018-12-12,,,,144.85,,
2018-12-13,,,,144.51999999999998,,
2018-12-14,,,,144.26,,
2018-12-17,,,,141.67,,
2018-12-18,,,,142.88004999999998,,
2018-12-19,,,,138.70499999999998,,
2018-12-20,,,,132.785,,
2018-12-21,,,,129.16,,
2018-12-24,,,,126.38,,
2018-12-26,,,,130.065,,
2018-12-27,,,,132.32999999999998,,
2018-12-28,,,,134.06,,
2018-12-31,,,,132.295,,
2019-01-02,,,,133.035,,
2019-01-03,,,,134.14499999999998,,
2019-01-04,,,,135.875,,
2019-01-07,,,,137.39,,
2019-01-08,,,,141.33999999999997,,
2019-01-09,,,,142.985,,
2019-01-10,,,,142.7,,
2019-01-11,,,,143.965,,
2019-01-14,,,,143.92000000000002,,
2019-01-15,,,,148.335,,
2019-01-16,,,,148.3237,,
2019-01-17,,,,147.75,,
2019-01-18,,,,150.49,,
2019-01-22,,,,148.95,,
2019-01-23,,,,145.9275,,
2019-01-24,,,,144.48000000000002,,
2019-01-25,,,,148.185,,
2019-01-28,,,,147.585,,
2019-01-29,,,,145.765,,
2019-01-30,,,,148.32265,,
2019-01-31,,,,168.34,,
2019-02-01,,,,167.38,,
2019-02-04,,,,166.46,,
2019-02-05,,,,170.33499999999998,,
2019-02-06,,,,170.87,,
2019-02-07,,,,167.245,,
2019-02-08,,,,165.79000000000002,,
2019-02-11,,,,166.69,,
2019-02-12,,,,166.42000000000002,,
2019-02-13,,,,164.975,,
2019-02-14,,,,163.55825,,
2019-02-15,,,,162.78,,
2019-02-19,,,,162.24,,
2019-02-20,,,,162.485,,
2019-02-21,,,,160.91500000000002,,
2019-02-22,,,,161.36,,
2019-02-25,,,,164.485,,
2019-02-26,,,,165.02,,
2019-02-27,,,,162.17000000000002,,
2019-02-28,,,,162.18,,
2019-03-01,,,,162.411,,
2019-03-04,,,,165.66500000000002,,
2019-03-05,,,,169.215,,
2019-03-06,,,,172.42000000000002,,
2019-03-07,,,,169.675,,
2019-03-08,,,,167.79500000000002,,
2019-03-11,,,,172.94,,
2019-03-12,,,,172.5089,,
2019-03-13,,,,173.075,,
2019-03-14,,,,169.655,,
2019-03-15,,,,165.04500000000002,,
2019-03-18,,,,161.59,,
2019-03-19,,,,162.32,,
2019-03-20,,,,163.68,,
2019-03-21,,,,165.07,,
2019-03-22,,,,165.755,,
2019-03-25,,,,164.26999999999998,,
2019-03-26,,,,167.89995,,
2019-03-27,,,,166.865,,
2019-03-28,,,,165.025,,
2019-03-29,,,,166.0,,
2019-04-01,,,,168.08945,,
2019-04-02,,,,172.22500000000002,,
2019-04-03,,,,175.45499999999998,,
2019-04-04,,,,176.76505,,
2019-04-05,,,,176.05,,
2019-04-08,,,,174.865,,
2019-04-09,,,,177.37,,
2019-04-10,,,,177.665,,
2019-04-11,,,,177.7,,
2019-04-12,,,,178.79,,
2019-04-15,,,,178.685,,
2019-04-16,,,,179.235,,
2019-04-17,,,,179.55,,
2021-10-01,,,,341.83,46.5200005,
